Name: MX-QAR-VMDmLNmBOOSTVMAT, Length unit: mm,  Dose unit: mGy
,-118.1,-110.5,-102.9,-95.2,-87.6,-80.0,-72.4,-64.8,-57.1,-49.5,-41.9,-34.3,-26.7,-19.0,-11.4,-3.8,3.8,11.4,19.0,26.7,34.3,41.9,49.5,57.1,64.8,72.4,80.0,87.6,95.2,102.9,110.5,118.1
-118.1,193.671338000001,340.165272999999,438.661685000002,555.149479500002,743.572049499997,990.633199499993,1283.5800635,1483.18701999999,1628.24574499999,1685.27483949999,1685.72590549999,1601.21253949999,1436.18389249999,1215.991924,940.933927500001,620.410528499999,366.829424500003,234.236523500001,205.583581,176.151524500001,154.0492905,145.120234,141.132400500001,122.7617125,115.4216385,110.429158,114.827051500001,104.1039825,106.390067000001,107.015408499999,115.657423000001,20.400485
-110.5,438.876966499997,603.967122499998,887.216067499996,1148.393533,1324.452794,1513.19316049999,1722.96960499999,1874.50727799999,1960.96842899999,1966.57599949999,1939.76832699999,1858.41242299999,1715.18871649999,1511.96298049999,1234.16783349999,830.699547999998,514.584294,316.914871,256.841081,216.655201,186.023719000001,170.369678499999,162.394011500001,145.602054500001,137.359848499998,138.702795,144.792186,141.798747999999,136.560231500001,139.266627499999,144.617910500001,137.544375499998
-102.9,671.093944499997,944.583461499994,1241.85645849999,1445.87156,1631.526225,1801.25005899999,1942.7720165,2012.0721565,2003.48139949999,2018.46909249999,2034.84073799999,1975.52555899999,1841.0771365,1625.74437899999,1412.943742,994.251978999996,617.622120500001,408.901580499999,309.431276000001,260.2138245,222.959873499999,201.800777500001,187.274402000002,174.234494000001,167.878564,167.1712105,171.3128165,167.427498000001,161.122825500001,158.600956500001,157.145243500002,153.106152499999
-95.2,857.097160499997,1234.22934249999,1523.50616949999,1763.14523349999,1949.34322799999,2034.635708,2044.75393849999,2052.88337799999,2037.03455899999,2062.273752,2099.04588249999,2071.61286849999,1929.55783299999,1674.05969849999,1466.91788949999,1194.422768,817.413603999998,511.303813999997,350.314257999999,279.261111500001,240.992261999999,218.295440999999,206.270431499999,187.469180500001,175.290398500001,168.104097,167.1917135,168.698684000001,170.605462999999,164.751856500001,156.7351835,150.389504999999
-87.6,976.926943999998,1410.39111849999,1771.97177499999,2007.16168799999,2110.70183799999,2032.913456,2014.30698349999,2071.71538349999,2091.10096999999,2079.91658349999,2107.39060349999,2089.23519699999,1977.698877,1721.493389,1512.46530399999,1284.799992,979.448812999997,591.6243165,382.104159499997,303.136854999999,263.402040999999,245.759209499999,241.832885000001,218.592734500002,195.906165000001,182.0358855,183.655622500001,183.368580500001,185.111335499999,180.610927,169.313774000001,162.6605505
-80.0,1150.033773,1680.98971249999,2025.47086699999,2097.33388199999,2045.11274099999,2002.81505199999,2049.02881399999,2097.36463649999,2160.71890649999,2173.00020349999,2183.02617049999,2127.698825,2002.68178249999,1725.26594099999,1487.882207,1265.465663,941.969328999996,575.816503499999,395.687397,328.2017725,293.049379,270.916390500001,251.776839999999,230.915037500002,216.183632000002,204.486670500001,195.260320500002,190.626642500001,199.299411500003,197.105590500003,180.754447999999,163.8087185
-72.4,1349.8662625,1859.28380049999,2028.935874,2076.25679799999,2059.6596195,2085.749687,2130.05667,2141.89715249999,2174.8044675,2185.52753649999,2211.105029,2154.4654915,2048.52649049999,1746.7018275,1479.209438,1268.3668375,992.375954499995,647.761530500001,452.039892500002,358.966524,318.0937935,291.378384500001,270.096270499999,253.335067999999,233.221624999998,213.713020500001,201.821280500002,189.929540500001,184.3937305,190.964942000001,182.907262999999,165.725748999998
-64.8,1403.3585895,1890.1613185,2044.6719265,2038.428763,2022.02636299999,2034.20514499999,2116.6169535,2165.03478799999,2232.0488435,2252.193041,2234.6322215,2172.764419,2025.12231599999,1760.17229849999,1485.606374,1321.5106135,1124.733071,782.661019000003,500.088672999997,374.159247000001,324.131927,296.083823,271.111169,244.805820000002,225.707275499998,210.678576500001,197.095339000002,181.943622000002,171.446086,168.093845500001,160.917795499999,157.7398305
-57.1,1437.998408,1841.0566335,2030.36083249999,2070.32117949999,2073.43763549999,2059.259811,2126.612166,2178.67953449999,2250.634813,2267.65230299999,2268.52368049999,2170.8268855,2017.515703,1754.06240449999,1509.143818,1351.5065025,1214.1158995,947.361618,570.485723500001,399.890512,337.438374,302.316735,274.524918499999,250.515905500002,231.632642500002,219.740902500001,204.435413000001,187.745971000002,179.790806999999,171.138541,164.434059999999,158.344668999999
-49.5,1602.391462,1921.11059699999,2069.1320055,2151.53356249999,2250.08123199999,2293.93714899999,2312.4821125,2353.71364549999,2396.636676,2396.65717899999,2369.1524045,2204.7798535,2061.12558399999,1802.35722099999,1545.1163315,1375.177216,1249.350305,1056.4888355,651.124022499998,418.866038499999,347.310568499999,310.138629500002,281.495938500003,257.558686000002,240.951255999998,224.231059500002,208.915318499998,195.639626000001,180.867214500001,173.588649500001,167.858060999999,162.455520499999
-41.9,1667.17069049999,2001.9231715,2233.781347,2359.9260545,2437.77594549999,2502.18612,2467.105487,2565.5711445,2648.94659399999,2615.18840449999,2471.62639849999,2274.336281,2141.21030199999,1885.83518549999,1615.9131905,1421.5037445,1278.7003495,1130.7507015,762.598833499998,460.1795835,366.214334499999,329.401198000002,297.406266500003,272.085061500002,253.222301499998,235.046392,216.644949499999,204.004850000002,187.889492000001,180.508412000002,172.173942499999,163.5421795
-34.3,1542.379181,1934.9808765,2248.7382855,2401.49588699999,2405.78101399999,2494.271962,2582.7731615,2601.379634,2627.1826595,2635.435117,2529.209074,2282.96804399999,2133.93173699999,1884.98431099999,1637.226059,1432.401089,1304.708405,1189.543054,887.933672499998,531.796562499999,392.181384,334.260409,290.886312500002,262.6536815,237.906560500002,223.585215000001,206.803509500001,193.476559500001,180.877465999999,170.461942000001,160.251447999999,153.218919
-26.7,1494.484173,1913.80127749999,2222.48419399999,2412.65977049999,2460.82131749999,2527.3125465,2599.7496455,2596.8587225,2626.99813249999,2600.19046,2540.69075399999,2307.03856599999,2168.74583099999,1957.29839199999,1741.58632899999,1525.874266,1380.631014,1266.7471005,1029.49663600001,654.947831999999,417.594852499999,338.248242499999,291.532157000002,262.612675500001,240.571950499999,223.369933500003,207.510863000001,192.830715000002,179.267980500001,172.020170000001,160.241196499998,153.2701765
-19.0,1306.266633,1718.97151999999,2067.92232849999,2321.65720499999,2455.808334,2483.37461749999,2561.78834099999,2630.657918,2634.43047,2648.92609099999,2527.5380795,2251.1781425,2105.39156099999,1946.91362249999,1788.52794749999,1572.662112,1408.2588065,1286.3069625,1107.203006,791.692590500003,468.790843499998,345.055238499999,299.856375000002,271.982546500002,251.100240999998,235.928021000002,216.767967499997,202.887436500002,188.1457795,176.346303000001,165.982036499999,158.795735
-11.4,1258.0128225,1733.62091349999,2041.32993749999,2307.2333445,2440.17479649999,2486.521828,2519.4393945,2593.2912005,2612.73829599999,2638.8898725,2599.267825,2347.7472725,2160.67790049999,1997.15622399999,1837.90942299999,1631.84402149999,1461.2385585,1328.3791185,1172.341037,864.232204499998,520.509660999998,390.387371499999,339.078614000003,304.4182925,276.011386000002,257.025607999999,235.743493999998,221.770699499998,205.327293500001,195.957422499999,182.353681999999,173.926948999999
-3.8,1146.281724,1554.67072949999,1946.53431699999,2269.73335749999,2411.92166249999,2478.42314299999,2527.58933699999,2610.9032775,2592.706865,2592.071272,2513.3295005,2291.579304,2173.23598799999,2051.079114,1906.881515,1720.46823899999,1519.6721085,1372.204281,1185.1656635,851.889398499992,510.657969499998,404.8624895,360.514500500002,335.572600999998,308.918701000001,290.896564000002,268.035718999998,246.774108000001,225.717527,206.967533500003,190.534379000001,179.719046500001
3.8,1045.3352035,1335.0630965,1739.70005299999,2099.9070085,2288.8626565,2359.46473699999,2334.5638435,2371.20270449999,2383.0944445,2372.6789205,2347.244949,2229.865274,2114.412881,1989.76489249999,1851.56442099999,1705.13199499999,1544.10143299999,1410.995957,1263.39486,966.880474,550.259513999998,404.1038785,362.164992,335.306061999998,317.078895000001,310.528186500001,318.780644000001,318.052787499997,272.915433000001,234.072499500003,213.1389365,191.333995999999
11.4,1083.4092745,1346.6472915,1625.662367,1885.4661315,2043.185459,2115.130486,2080.992991,2079.803817,2141.2615595,2198.762223,2239.399169,2253.792275,2245.960129,2088.886646,1911.4844385,1700.12926299999,1545.9364515,1410.237346,1279.325691,1026.318671,664.040912499998,494.491353999999,410.6238325,369.392299500001,370.950527500001,403.806585,401.910057499998,382.268183500001,323.188788999998,290.455749500002,287.605832499998,278.492249000001
19.0,1164.6216575,1374.0803055,1588.42891899999,1796.534369,1989.61112,2059.3725775,2045.030729,2092.3003955,2170.386071,2182.95441,2230.7264,2286.310033,2276.71462899999,2199.79762449999,1976.3764335,1844.818934,1628.17398449999,1422.1803435,1286.911801,1175.76503800001,1004.5752395,745.673607,532.432155499999,422.515572499998,399.388188500001,420.085967,447.600993,433.894737499998,366.347604000003,319.457243000003,318.657625999998,319.221458500002
26.7,1203.3928305,1354.489689,1562.2978455,1766.435965,1947.3236825,2040.8583685,2053.2626835,2073.20185099999,2093.622839,2115.8173365,2229.81401649999,2293.5373405,2256.088611,2191.7399455,2064.119022,1937.6667695,1729.653583,1481.8850795,1322.6382785,1217.4578885,1103.696993,900.3174845,658.259066499998,487.007759,422.167021500002,441.870404499999,488.8837835,468.155250499997,386.502053000001,347.976916000003,355.163217499997,354.712151500001
34.3,1272.5494495,1346.3397465,1474.145197,1698.20198099999,1906.081898,2010.0628625,2037.506128,2064.590591,2104.5816925,2095.8884205,2152.2101615,2240.64985200001,2220.8952115,2187.4753215,2112.075539,2017.90526,1908.398737,1745.133348,1545.372619,1371.773718,1247.8433345,1059.615543,808.361529500003,589.358734999999,504.035500500001,515.004605499999,537.024827500002,515.004605499998,421.603188999999,374.200253,358.330930999998,346.613466500002
41.9,1340.58865499999,1360.26128349999,1452.863083,1638.9790655,1863.59968199999,1997.55603249999,2030.6888805,2037.9879485,2029.4792035,2074.4012765,2123.516213,2153.4403415,2199.254295,2200.2691935,2143.096578,2018.0795355,1868.9407135,1711.9082365,1587.567793,1489.358423,1372.8296225,1215.7971455,982.390993500002,838.572700000002,737.6261795,645.413937000002,611.850526000002,554.524138,454.930815499999,420.003955000001,399.142152499998,369.976635000002
49.5,1392.5945145,1355.965905,1374.9414315,1452.9553465,1656.273346,1926.72841899999,2020.3758715,2043.8928125,2051.960743,2038.7875655,2055.8665645,2118.36996,2144.0909735,2179.7866965,2199.0800195,2209.792837,2064.918639,1888.080264,1687.4276545,1560.421821,1458.3271325,1374.664641,1207.8829875,1089.7857075,1052.6752775,911.932434,778.570670500001,635.387969999999,509.950615999999,460.886936999998,417.215547000002,366.901185
57.1,1426.6089915,1355.00226399999,1301.878991,1287.4346275,1398.407115,1698.0277055,1935.2269125,1991.743432,2017.208158,2033.9898635,1999.165518,2045.71757949999,2078.02005599999,2137.61202549999,2168.1614955,2154.2194555,2026.59853199999,1985.818065,1920.741543,1842.891652,1778.409717,1716.3983935,1552.3333875,1435.6918205,1427.3881055,1359.984493,1278.5978345,1156.615236,927.227671999994,812.000811999997,775.361950999995,686.245661499996
64.8,1286.686268,1244.7063755,1194.0229595,1164.221849,1193.7564205,1387.3867525,1752.4836735,1937.2977155,1972.62438449999,1993.4554325,2018.8996555,2021.964854,2020.222099,2046.60946,2068.6809395,2070.946521,2032.7801865,1983.6960045,1960.353339,1958.6823445,2010.6164435,2014.993834,1951.9163545,1781.2493825,1751.591793,1765.51333,1800.23516049999,1799.92761549999,1651.27061399999,1318.24038499999,1064.36198749999,868.281546999995
72.4,846.835408999998,864.703773499998,856.676848999996,840.182185499996,844.590330499999,925.966737499998,1149.7364795,1448.598459,1607.209667,1729.42804999999,1798.18486049999,1785.22696449999,1809.225726,1814.207955,1842.1637955,1870.181145,1847.8431265,1814.2387095,1886.317006,1940.4756805,1929.660348,1916.681949,1900.38206399999,1891.8015585,1873.605146,1931.7208995,1976.08939149999,2013.74315099999,1888.29554549999,1629.71170949999,1435.36377249999,1155.26203799999
80.0,607.503889999997,599.866522499997,597.313898999995,607.145087499997,661.006468500001,719.5220305,795.126842999997,985.979018499999,1224.398154,1369.272352,1456.779156,1562.09281549999,1682.8349825,1772.2895715,1816.15574,1845.5467905,1806.027258,1777.671609,1813.408338,1816.2275005,1870.037624,1836.1974225,1751.3150025,1764.980252,1810.332888,1870.6424625,1939.9015965,1974.29537899999,1934.08899599999,1765.18528199999,1552.94847749999,1292.24258099999
87.6,531.714550499997,559.7319,569.265794999997,580.839738499996,634.219298999999,704.934145999997,728.451087,814.99425,1024.514407,1174.862906,1235.982349,1351.3424785,1525.73074499999,1724.056264,1804.243497,1831.17418749999,1818.3598125,1836.125662,1811.358038,1760.633616,1748.2395525,1704.0350845,1653.894998,1680.138838,1756.758549,1861.3751065,1919.94192599999,1883.21080149999,1839.73418999999,1749.39797199999,1625.28306149999,1366.42243499999
95.2,217.239536499997,267.451383499999,330.569869,394.816019499999,445.109878499998,475.936138999999,485.490537,502.733559999999,589.697034499999,692.632345999999,807.049337499998,891.326918999999,1030.1219775,1119.791848,1281.519512,1506.437422,1656.3861125,1757.7939505,1790.0861755,1798.78969899999,1752.99624849999,1662.424246,1601.75586899999,1577.029251,1622.9867255,1628.98385299999,1673.331842,1743.2983295,1754.22642849999,1775.20099749999,1652.30601549999,1376.87896499999
102.9,150.943085999999,170.1031395,186.0544735,210.637570500001,253.704122000001,298.451919499997,336.044170000001,362.1752435,386.696831499997,414.775689999999,433.279647499998,454.695031000001,501.6571525,580.050373000001,696.302382999998,878.256256500001,996.620075499999,1116.3575955,1284.71798,1346.575531,1525.361691,1578.423455,1539.87781499999,1521.99919899999,1557.079832,1573.7180165,1604.1854745,1633.8328125,1597.7475325,1574.98920249999,1471.71559149999,1227.90416699999
110.5,124.637737000001,140.599322500001,144.597407499999,154.059542000002,170.451690499999,189.6630015,215.845332499999,258.901632500002,315.940978499997,369.033497,395.338845999999,415.903354999999,440.322428000001,468.339777500002,476.264187,484.250105500002,523.1647995,618.144947,744.832984000002,857.609735499996,991.935139999999,1265.00434549999,1449.29556099999,1511.03009399999,1519.04676699999,1524.9618825,1556.956814,1588.264895,1539.69328799999,1472.15640599999,1316.95894749999,1031.81347499999
118.1,0,122.19788,123.6638445,128.933115499999,140.865861499999,158.877746999999,159.595351999999,171.046277500001,200.324561500001,254.770278000003,296.247846999998,323.680861000001,339.652697999999,365.373711500001,377.685763000001,382.268183499998,393.073264500001,417.205295499997,476.151420499999,557.661097000001,671.965321999998,975.460979500002,1302.5453385,1461.27956449999,1455.14916749999,1463.31961299999,1511.6964415,1499.84570749999,1383.20414049999,1216.9863195,923.157826499992,41.1187665000006