Id,DTADeltaDistance,DTASearchDistance,DTAThreshold,GammaDeltaDoseRatio,ReferenceDose,ReferenceDimensionIndex,GammaDeltaDistance,GammaSearchDistance,GammaThreshold,GammaDoseErrorModeIndex
7F4A0D99-8C9E-46A5-9D4B-000B7B21A3CC,3.0,4.5,0.1,0.02,0.0,4,2.0,4.5,0.1,0
4CEBD6BB-D6E5-4D6E-968B-00FEC3054F74,3.0,4.5,0.1,0.03,0.0,4,3.0,4.5,0.1,0
4C3F5DFC-7F1B-4EC7-8FBA-010CC94F5ABC,3.0,4.5,0.1,0.03,0.0,4,3.0,4.5,0.1,0
B9C61FDF-F172-43CF-A227-01664F0F01EE,3.0,4.5,0.1,0.03,0.0,4,2.0,4.5,0.1,0
DB0E3713-6736-487C-8BCC-0168ADF87FB6,3.0,4.5,0.1,0.03,0.0,4,2.0,4.5,0.1,0
D59A2F51-3928-499B-98EC-01A09722BDCB,3.0,4.5,0.05,0.02,0.0,4,2.0,5.0,0.1,0
C8A5A75C-2EA4-4285-A58E-01E1CC208495,3.0,4.5,0.1,0.03,0.0,4,3.0,4.5,0.1,0
585C0E80-5450-4C2B-ADEA-01E4D8C219EA,3.0,4.5,0.05,0.03,0.0,4,3.0,4.5,0.1,0
E1E5F5E7-F333-440C-AA9F-037B32C31C56,3.0,4.5,0.1,0.03,0.0,4,3.0,4.5,0.1,0
3AF8D3A2-C80C-49AE-892F-03A57397A685,3.0,4.5,0.1,0.03,0.0,4,2.0,4.5,0.1,0
3F7F2150-70F9-4999-A73E-03F76089019A,3.0,4.5,0.1,0.05,0.0,4,1.0,4.5,0.05,0
DDE697C3-F9A6-410E-97EC-0456C1EC7302,3.0,4.5,0.1,0.03,0.0,4,3.0,4.5,0.05,0
48A167BE-B59A-48EA-860A-047BE228B7FF,3.0,4.5,0.1,0.03,0.0,0,3.0,4.5,0.05,0
1B1C0FA6-B06A-4656-A4A9-0484A7798F48,3.0,4.5,0.05,0.03,0.0,4,3.0,4.5,0.1,0
FD36E110-BF23-4FA9-80AB-0489421B2AB4,3.0,4.5,0.1,0.03,0.0,4,1.0,4.5,0.1,0
14BA451F-DE44-49E7-8E96-04DCE4D035F7,3.0,4.5,0.1,0.03,0.0,4,3.0,4.5,0.1,0
1CC713FF-F5F4-4308-B6E3-04EFB86A66F9,3.0,4.5,0.1,0.03,0.0,4,1.0,4.5,0.1,0
CEC2496E-76FC-4F2E-902A-04FD6C1EDF47,3.0,4.5,0.1,0.03,0.0,4,2.0,4.5,0.1,0
74196587-7E04-4A55-8DD9-061B5741E9E4,3.0,4.5,0.05,0.03,0.0,4,1.0,4.5,0.1,0
5312C6F3-5287-484A-BF52-0677DC5EBF05,3.0,4.5,0.1,0.03,0.0,4,2.0,4.5,0.1,0
550ADE4A-2534-45E6-B8B9-06F8EE25B2F2,3.0,4.5,0.1,0.02,0.0,4,2.0,4.5,0.1,0
971ECA6D-E9C4-4257-BEDE-081DD03B9F86,3.0,4.5,0.1,0.03,0.0,4,2.0,4.5,0.1,0
77ADF78B-3B3C-4B71-9DD4-08A0207D3C51,3.0,4.5,0.1,0.03,0.0,4,2.0,4.5,0.1,0
AC6090CF-21DA-46B9-868F-08C62C32A7CC,3.0,4.5,0.1,0.03,0.0,4,2.0,4.5,0.1,0
19F3CE50-CCA8-4F60-96AF-0A13B690281F,3.0,4.5,0.1,0.03,0.0,4,3.0,4.5,0.1,0
F26783EF-7E54-4CCF-9465-0A39462052A1,3.0,4.5,0.05,0.03,0.0,4,1.0,4.5,0.05,0
64EDF839-323A-45AB-9BDB-0A5E84BAC909,3.0,4.5,0.1,0.02,0.0,4,2.0,4.5,0.05,0
94064052-C3C7-4FF6-8DF4-0AE61522E749,3.0,4.5,0.1,0.03,0.0,4,1.0,4.5,0.1,0
9C7996F2-17B9-42F0-B2BE-0B2F1ECA9438,3.0,4.5,0.1,0.03,0.0,4,3.0,4.5,0.05,0
E6C2EAF3-1F96-43A9-868A-0BC6190A2293,3.0,4.5,0.1,0.02,0.0,4,2.0,4.5,0.1,0
2994BEC8-3A56-44E5-B7E8-0C07536F3410,3.0,4.5,0.1,0.02,0.0,4,2.0,4.5,0.1,0
8ECFE353-03E6-4801-865D-0C99F89939B7,3.0,4.5,0.1,0.03,0.0,4,2.0,4.5,0.1,0
C0F95BCC-C4E4-441E-858B-0CADBD26DFDC,3.0,4.5,0.1,0.03,0.0,4,1.0,4.5,0.1,0
762CBC17-0CF4-4FF0-962C-0CE113863B30,3.0,4.5,0.1,0.03,0.0,4,3.0,4.5,0.1,0
1BB516A3-C317-460C-B0B9-0D135B373578,3.0,4.5,0.05,0.02,0.0,4,2.0,4.5,0.05,0
D498B7F5-8057-47BC-AE68-0D5296628C7B,3.0,4.5,0.1,0.03,0.0,4,2.0,4.5,0.1,0
116644FE-F41E-4718-9872-0DD567869198,3.0,4.5,0.1,0.03,0.0,4,2.0,4.5,0.1,0
C0AFDAB7-98E0-4C38-AA38-0DDF725FF816,3.0,4.5,0.1,0.03,0.0,4,1.0,4.5,0.1,0
29D0AD7C-39BB-4E57-8702-0E0EA83616CC,3.0,4.5,0.1,0.03,0.0,4,2.0,4.5,0.1,0
127CF7C7-D9C2-4896-A879-0E0EDF8AB1D7,3.0,4.5,0.1,0.03,0.0,4,2.0,4.5,0.1,0
A613F9FA-9115-4F3B-AAC2-0E81865DF96D,3.0,4.5,0.1,0.02,0.0,4,2.0,4.5,0.1,0
8346784C-91F7-4A88-9171-0F278018E544,3.0,4.5,0.1,0.03,0.0,4,2.0,4.5,0.1,0
565D6DF8-D9D5-421C-B066-101E9C4D34AA,3.0,4.5,0.1,0.03,0.0,4,2.0,4.5,0.1,0
08B5A718-6F34-41C6-A244-106E778959D2,3.0,4.5,0.1,0.03,0.0,4,2.0,4.5,0.1,0
E94CC7D8-29B8-46F8-8082-11054746BC96,3.0,4.5,0.1,0.03,0.0,4,2.0,4.5,0.1,0
09B94FEB-5DEB-413B-B022-1105AFC1C7DA,3.0,4.5,0.1,0.03,0.0,4,1.0,4.5,0.1,0
2F9BE56A-29CA-44E5-8ABF-1109B68FC3BC,3.0,4.5,0.1,0.03,0.0,4,3.0,4.5,0.1,0
04EFEBC9-BD07-4C9B-926B-11B6F2FC6A0B,3.0,4.5,0.1,0.02,0.0,4,2.0,4.5,0.1,0
7DC16826-8787-4F1C-A16E-11D34D4DE641,3.0,4.5,0.1,0.02,0.0,4,2.0,4.5,0.1,0
9C934C93-060D-4D13-A4B9-120033C0A30C,3.0,4.5,0.1,0.02,0.0,4,2.0,4.5,0.1,0
5CD7472B-42DC-4230-A7E7-13716C0DD6F8,3.0,4.5,0.1,0.03,0.0,4,1.0,4.5,0.1,0
C72DD3F9-7C5F-46AE-BFFB-1456B1514199,3.0,4.5,0.1,0.03,0.0,4,1.0,4.5,0.1,0
8F3B51EA-9D9F-4899-A33B-14BFEA945E49,3.0,4.5,0.1,0.03,0.0,4,1.0,4.5,0.1,0
D98A0A79-98D5-40CB-AC19-152BED994529,3.0,4.5,0.05,0.02,0.0,4,2.0,4.5,0.1,0
80739386-953D-4D1B-8E45-155DA00550F2,3.0,4.5,0.1,0.02,0.0,4,2.0,4.5,0.05,0
18E20A1E-34C8-427F-B00B-164803F8E999,3.0,4.5,0.1,0.03,0.0,4,1.0,4.5,0.1,0
55D479A0-0A92-491D-9DA9-1673D08759B6,3.0,4.5,0.1,0.03,0.0,4,2.0,4.5,0.1,0
5B9F6963-5418-4429-AFD7-16BB2DFCCE8F,3.0,4.5,0.1,0.03,0.0,4,1.0,4.5,0.1,0
95A4BF4F-58D3-4EAC-9F53-179A4DCD9066,3.0,4.5,0.1,0.03,0.0,4,1.0,4.5,0.1,0
6011EFEF-755B-4882-856F-17A40EB1B0FA,3.0,4.5,0.1,0.02,0.0,4,2.0,4.5,0.1,0
97A51966-B8DD-4740-8B42-188C129CBCF2,3.0,4.5,0.1,0.03,0.0,4,2.0,4.5,0.1,0
0F1ADBFB-E114-49C5-BFE3-191A1E5B65F5,3.0,4.5,0.1,0.03,0.0,4,1.0,4.5,0.1,0
3F9CE7F2-78B6-43BA-98C0-19ABBCA19CD3,3.0,4.5,0.1,0.03,0.0,4,2.0,4.5,0.1,0
66C81426-B061-4931-B29A-1A58DE1B503B,3.0,4.5,0.1,0.03,0.0,4,3.0,4.5,0.1,0
82DBF090-1CC2-4A83-AA46-1B37C8ACEA2B,3.0,4.5,0.1,0.03,0.0,4,3.0,4.5,0.1,0
AB66120E-9AA3-4941-B5BA-1B921D60E3A2,3.0,4.5,0.05,0.02,0.0,4,2.0,4.5,0.1,0
FDF2BD98-6004-47D4-9448-1BC067A6C23E,3.0,4.5,0.1,0.03,0.0,4,1.0,4.5,0.1,0
8B6D1DD8-F44A-4B1E-B2EB-1C101E276372,3.0,4.5,0.05,0.02,0.0,4,2.0,4.5,0.1,0
FC995346-27E8-4A6F-8859-1C79FF4ED997,3.0,4.5,0.1,0.02,0.0,4,2.0,4.5,0.1,0
096D7138-7290-422A-B752-1CDB1BEAD306,3.0,4.5,0.1,0.02,0.0,4,2.0,4.5,0.1,0
12C062DD-83D4-437F-B9D9-1D20850564B0,3.0,4.5,0.1,0.03,0.0,4,3.0,4.5,0.1,0
D29BEA9C-87A6-48FA-BE6D-1D6974E0751D,3.0,4.5,0.1,0.03,0.0,4,1.0,4.5,0.1,0
0D7B5F30-B854-4D11-9EB7-1F6BAF928A91,3.0,4.5,0.1,0.03,0.0,4,3.0,4.5,0.1,0
265F9645-206D-4770-9D51-204F616C4F7A,3.0,4.5,0.1,0.03,0.0,4,3.0,4.5,0.1,0
33A3B7B5-965A-419D-81A0-209F6AB8E74F,3.0,4.5,0.05,0.03,0.0,4,3.0,4.5,0.1,0
37D878D1-1025-4CB6-AF0C-20C3AAEA712B,3.0,4.5,0.1,0.02,0.0,4,2.0,4.5,0.1,0
3D47A39A-CC8D-4880-8C45-20DDBB13E379,3.0,4.5,0.05,0.03,0.0,4,1.0,4.5,0.05,0
C694CBA9-0175-404A-A7DB-20E2080C24A5,3.0,4.5,0.1,0.03,0.0,4,3.0,4.5,0.1,0
89D90C91-7C4B-4361-8543-20F25D2786A8,3.0,4.5,0.1,0.02,0.0,4,2.0,4.5,0.1,0
814297E7-7F50-4FD2-BB8A-2158AFD10ADD,3.0,4.5,0.1,0.03,0.0,4,1.0,4.5,0.1,0
DC622395-EA02-481E-9F4C-217D0261BC08,3.0,4.5,0.1,0.02,0.0,4,2.0,4.5,0.1,0
7B676B52-7AE8-4AB5-8AC6-21B8E255C275,3.0,4.5,0.1,0.03,0.0,4,3.0,4.5,0.1,0
60CBF287-6BDD-40D0-A9C0-21CC4BBA2149,3.0,4.5,0.1,0.03,0.0,4,3.0,4.5,0.1,0
B352E086-1D92-4DDF-AC6C-21E391D19792,3.0,4.5,0.1,0.03,0.0,4,3.0,4.5,0.1,0
1688C9E2-115D-434D-8D53-2219F839A62F,3.0,4.5,0.1,0.03,0.0,4,3.0,4.5,0.1,0
38659FE5-7E69-4F94-BC54-227C52E58CED,3.0,4.5,0.1,0.03,0.0,4,1.0,4.5,0.1,0
CFCE34DC-B486-4FCC-8116-2317AC893DF6,3.0,4.5,0.05,0.03,0.0,4,3.0,4.5,0.05,0
2DD95D28-678E-4C21-B2AA-232A492BE6A9,3.0,4.5,0.1,0.02,0.0,4,2.0,4.5,0.1,0
DA92B4E4-CB2A-45EE-9497-24059F2BB60A,3.0,4.5,0.1,0.03,0.0,4,2.0,4.5,0.1,0
854249F5-B1DD-4090-88E3-26AD95BA1768,3.0,4.5,0.1,0.02,0.0,4,2.0,4.5,0.1,0
D1161903-37A4-487E-9C58-271368659433,3.0,4.5,0.1,0.03,0.0,4,1.0,4.5,0.1,0
F44FFE2C-52A8-4D52-8BF2-27B2666EF30B,3.0,4.5,0.1,0.02,0.0,4,2.0,4.5,0.1,0
9F439A76-1E5C-40F9-8249-27DC4FD71696,3.0,4.5,0.1,0.02,0.0,4,2.0,4.5,0.1,0
CD90AB5F-201A-4B64-B7F5-280E2DEAC48E,3.0,4.5,0.1,0.02,0.0,4,2.0,4.5,0.1,0
B1729722-87D4-4815-9D54-284B3187D334,3.0,4.5,0.1,0.03,0.0,4,2.0,4.5,0.1,0
F08FF7A9-C361-4CB2-B9C8-28A432B9963E,3.0,4.5,0.1,0.02,0.0,4,2.0,4.5,0.1,0
A6978E52-8244-4021-9FB1-28E1B43740AB,3.0,4.5,0.1,0.03,0.0,4,1.0,4.5,0.1,0
CAA8DC87-F90D-4DAA-83F5-28E9A4A9E1DA,3.0,4.5,0.05,0.02,0.0,4,2.0,4.5,0.1,0
AAEC9394-6D9E-46CD-B286-299207CC17E6,3.0,4.5,0.1,0.03,0.0,4,1.0,4.5,0.1,0
1A16AC76-4C58-49DF-A47B-2AA680158A79,3.0,4.5,0.05,0.03,0.0,4,1.0,4.5,0.1,0
88F3C6A3-38C0-451C-80D4-2AE77307AA88,3.0,4.5,0.1,0.02,0.0,4,2.0,4.5,0.1,0
82EA524A-42B1-4137-8DA9-2B161BA004B3,3.0,4.5,0.1,0.03,0.0,4,3.0,4.5,0.1,0
FD51A362-C0AF-477A-9847-2C12972DC496,3.0,4.5,0.1,0.02,0.0,4,2.0,4.5,0.1,0
A1BE2534-5EAA-46CE-AB9C-2D38F13B7D36,3.0,4.5,0.1,0.03,0.0,4,3.0,4.5,0.1,0
96027C20-E526-41CB-B4EA-2D5C95171967,3.0,4.5,0.1,0.03,0.0,4,2.0,4.5,0.1,0
E2D75E98-7128-413C-9298-2DEE59334B68,3.0,4.5,0.1,0.02,0.0,4,2.0,4.5,0.1,0
96A56E6B-676C-4F81-A3CF-2DF7D69E1C3A,3.0,4.5,0.1,0.05,0.0,4,1.0,4.5,0.1,0
97044913-4C92-4FF9-AAF1-2E415F41C784,3.0,4.5,0.1,0.03,0.0,4,2.0,4.5,0.1,0
C114FD64-E9A7-427A-BE24-2EB3ED91EA5B,3.0,4.5,0.1,0.02,0.0,4,2.0,4.5,0.1,0
C9C9F73B-DE40-4CB6-984C-2EFBCD76B78F,3.0,4.5,0.1,0.02,0.0,4,2.0,4.5,0.1,0
19B78A11-238A-4B99-8DF7-2F525579319F,3.0,4.5,0.05,0.03,0.0,4,1.0,4.5,0.1,0
DA74855F-7E78-457F-A290-300AFAC28AAD,3.0,4.5,0.1,0.03,0.0,4,2.0,4.5,0.1,0
4BE622C5-84E4-49CD-9223-304B73E0260D,3.0,4.5,0.1,0.02,0.0,4,2.0,4.5,0.1,0
86D42820-AD8F-4615-9EC8-307E52E05D90,3.0,4.5,0.1,0.03,0.0,4,2.0,4.5,0.1,0
427FE3E7-5FB9-4EA6-A98E-32DF8ADB7C01,3.0,4.5,0.1,0.03,0.0,4,3.0,4.5,0.1,0
CB646D19-A57A-4D6A-9BAC-336998CC50A1,3.0,4.5,0.1,0.03,0.0,4,1.0,4.5,0.1,1
5F3E9A69-11F2-4E19-AFE7-340208B79D0A,3.0,4.5,0.1,0.03,0.0,4,3.0,4.5,0.1,0
F9F932C7-4D86-47D1-8917-340CC18407E0,3.0,4.5,0.1,0.03,0.0,4,2.0,4.5,0.1,0
8534AC67-4182-430F-80B8-341F57196C5C,3.0,4.5,0.1,0.05,0.0,4,1.0,4.5,0.1,0
B0737B52-A011-4C07-96A2-349578144EE8,3.0,4.5,0.1,0.02,0.0,4,2.0,4.5,0.1,0
306D61B0-C720-49D9-BF00-34B13C89D4A9,3.0,4.5,0.1,0.02,0.0,4,2.0,4.5,0.1,0
10B6E297-0736-4FB0-91C7-351C530E3A35,3.0,4.5,0.05,0.03,0.0,4,3.0,4.5,0.1,0
C111917C-C140-480E-91C7-35E00251CE83,3.0,4.5,0.1,0.03,0.0,4,2.0,4.5,0.1,0
9086806D-D484-4206-8660-36DE955BF6E6,3.0,4.5,0.1,0.03,0.0,4,2.0,4.5,0.1,0
73D63A8A-56CF-4C5A-A579-36E9E5C660E9,3.0,4.5,0.1,0.03,0.0,4,2.0,4.5,0.1,0
57519C5F-BD29-48C2-9F71-376B02EE7639,3.0,4.5,0.1,0.03,0.0,4,1.0,4.5,0.1,0
12C67B15-C53A-4C8B-8E82-384AF55274E1,3.0,4.5,0.1,0.03,0.0,4,2.0,4.5,0.1,0
BDD4D99F-0497-400F-A0F1-38C4F968D4D3,3.0,4.5,0.05,0.02,0.0,4,2.0,4.5,0.1,0
1E921394-FA07-4B94-A38A-38F317F396E0,3.0,4.5,0.1,0.03,0.0,4,2.0,4.5,0.1,0
5E69D67C-37B4-435C-9265-39E3FD8B9194,3.0,4.5,0.1,0.02,0.0,4,2.0,4.5,0.1,0
B81AC3C8-692A-4007-B746-39F4E0428243,3.0,4.5,0.1,0.02,0.0,4,2.0,4.5,0.05,0
BD330DE1-1192-4D39-B826-3A3CB045D037,3.0,4.5,0.1,0.02,0.0,4,2.0,4.5,0.1,0
4A320C03-84D6-4B28-BA15-3AC975FA7BEF,3.0,4.5,0.1,0.03,0.0,4,3.0,4.5,0.1,0
250255E5-EE40-40F2-83AD-3BB30607CB71,3.0,4.5,0.1,0.03,0.0,4,3.0,4.5,0.1,0
18535A35-7BA5-483D-BA74-3BB90AFD2024,3.0,4.5,0.05,0.03,0.0,4,1.0,4.5,0.05,0
FCC2F66A-D4DF-4893-9168-3BDE9379E4B4,3.0,4.5,0.1,0.03,0.0,4,3.0,4.5,0.1,0
1153D09F-E550-4D0A-BAA8-3C6A617DC7FF,3.0,4.5,0.05,0.02,0.0,4,2.0,4.5,0.1,0
555AA56B-0E26-4657-88A1-3DF21E6D9104,3.0,4.5,0.1,0.03,0.0,4,2.0,4.5,0.1,0
8D20C769-01CD-4679-B4AD-3DFE977B1743,3.0,4.5,0.1,0.03,0.0,4,1.0,4.5,0.1,0
8DB2A2F5-30E5-4DE5-BF58-3F2D6FF61DB8,3.0,4.5,0.05,0.02,0.0,4,2.0,4.5,0.1,0
344232F9-AC4A-4897-BE61-404AC90A85DE,3.0,4.5,0.1,0.03,0.0,4,1.0,4.5,0.1,0
F844B50B-6255-49E0-AD3B-40D9C70BCBEF,3.0,4.5,0.1,0.02,0.0,4,1.0,4.5,0.05,0
49B403A7-F992-41A4-9B6F-410D175C9EAB,3.0,4.5,0.05,0.03,0.0,4,1.0,4.5,0.1,0
F5162D27-061D-4E8D-AAAF-4115FA1F3D76,3.0,4.5,0.1,0.02,0.0,4,2.0,4.5,0.1,0
3A2D13F7-20BD-41B2-94E6-4162172053DB,3.0,4.5,0.1,0.03,0.0,4,3.0,4.5,0.1,0
42209C72-6B01-4FA4-B240-41A0958C01AB,3.0,4.5,0.1,0.02,0.0,4,2.0,4.5,0.05,0
2B1B8D0E-64BD-41ED-9FEF-41BD18597F0A,3.0,4.5,0.1,0.02,0.0,4,2.0,4.5,0.1,0
AE936467-402A-4076-801D-41C1F6B9F850,3.0,4.5,0.1,0.03,0.0,4,1.0,4.5,0.1,0
1BDA9C4E-31D0-485F-8E9A-41EC80AD1927,3.0,4.5,0.05,0.02,0.0,4,2.0,4.5,0.1,0
06B4FA9C-5120-464D-AA93-42AC30C952FC,3.0,4.5,0.1,0.03,0.0,4,1.0,4.5,0.1,0
59E7F73A-C314-4C16-9F5B-433939FEABE9,3.0,4.5,0.1,0.03,0.0,4,3.0,4.5,0.1,0
E1653B0C-99A2-4350-913C-433E393AFBA4,3.0,4.5,0.1,0.03,0.0,4,1.0,4.5,0.1,0
53675930-77DE-49C2-B7E6-4399DDF9DE09,3.0,4.5,0.1,0.03,0.0,4,2.0,4.5,0.1,0
908659C6-2604-4F31-8E5F-4469B902F0B5,3.0,4.5,0.05,0.03,0.0,4,3.0,4.5,0.1,0
57C23ADA-B31D-4249-8926-448441339B2C,3.0,4.5,0.1,0.03,0.0,4,2.0,4.5,0.1,0
6E8674FF-8B0D-472E-84B0-4484E08BA463,3.0,4.5,0.1,0.03,0.0,4,2.0,4.5,0.1,0
3135EA14-FB66-4E51-A913-4497868459D3,3.0,4.5,0.1,0.03,0.0,4,1.0,4.5,0.1,0
A8B9CAB3-BF85-4EC1-BA65-44BB28F2569A,3.0,4.5,0.05,0.03,0.0,4,3.0,4.5,0.1,0
5EAA09F0-1950-4D90-9321-4509647AB732,3.0,4.5,0.1,0.03,0.0,4,3.0,4.5,0.1,0
CF891B2C-615B-4FB6-A40A-457CC0F12E6B,3.0,4.5,0.05,0.03,0.0,4,3.0,4.5,0.05,0
8D872E06-197C-4A62-95E8-45AEB5A752FC,3.0,4.5,0.05,0.02,0.0,4,2.0,4.5,0.1,0
6C0CECB7-CDC9-456D-B7A5-45B31F5C35E9,3.0,4.5,0.05,0.02,0.0,4,2.0,4.5,0.1,0
7FD1559B-A366-4941-ACED-45D48C72C01C,3.0,4.5,0.1,0.03,0.0,4,3.0,4.5,0.1,0
8DA061CA-0983-46AD-A616-461139F7AC42,3.0,4.5,0.1,0.03,0.0,4,2.0,4.5,0.1,0
1B249DAE-38E2-4CD7-B720-46B9AD2413E7,3.0,4.5,0.1,0.03,0.0,4,3.0,4.5,0.1,0
C092D5FA-DD1C-4BAF-99F8-475A23B47049,3.0,4.5,0.1,0.03,0.0,4,2.0,4.5,0.1,0
69C01DAB-BEE4-4346-A125-479788550146,3.0,4.5,0.1,0.02,0.0,4,2.0,4.5,0.1,0
B2F267A2-6107-472E-82B5-48B6C5A8BAE1,3.0,4.5,0.1,0.03,0.0,4,3.0,4.5,0.1,0
95188984-C3D1-4BCD-AC33-4930652D15AC,3.0,4.5,0.1,0.02,0.0,4,2.0,4.5,0.1,0
5149C1D9-B438-4B00-A5AD-49882DF38068,3.0,4.5,0.1,0.03,0.0,4,1.0,4.5,0.1,0
F314E051-DD57-4F98-9D89-498DDBFC5C2C,3.0,4.5,0.1,0.03,0.0,4,2.0,4.5,0.1,0
E11A4868-89C8-4462-999F-499CBCD6D97B,3.0,4.5,0.1,0.02,0.0,4,2.0,4.5,0.1,0
777E6AD8-FE6E-4EEF-A87B-49B663906304,3.0,4.5,0.05,0.03,0.0,4,3.0,4.5,0.05,0
41C611DE-BB3A-47AC-BC32-49D5CED24DB7,3.0,4.5,0.1,0.02,0.0,4,2.0,4.5,0.1,0
7D012E9F-16C9-4821-BDF3-4A30F2F11D9E,3.0,4.5,0.1,0.03,0.0,4,3.0,4.5,0.1,0
8473AE4D-41DD-4D2A-BC2D-4A494147A8C8,3.0,4.5,0.1,0.03,0.0,4,2.0,4.5,0.1,0
FC0EE929-E291-4EC8-9B51-4A9F196E177F,3.0,4.5,0.1,0.03,0.0,4,1.0,4.5,0.1,0
3FCAFA8E-5EA3-4453-9207-4A9F50913E1F,3.0,4.5,0.1,0.03,0.0,0,3.0,4.5,0.1,0
A048EF8D-0F59-45CC-932D-4AE0F2555B06,3.0,4.5,0.1,0.03,0.0,4,1.0,4.5,0.1,0
4ABC9A22-21A0-4CC2-8CFF-4BA3F343764F,3.0,4.5,0.1,0.03,0.0,4,2.0,4.5,0.1,0
4C30A2FD-FE22-4BC2-9416-4C277302172D,3.0,4.5,0.05,0.02,0.0,4,2.0,4.5,0.1,0
69354CD7-0056-4983-9386-4CA64E295D34,3.0,4.5,0.05,0.03,0.0,4,3.0,4.5,0.1,0
FE23CDF2-DD4A-46CE-9BB1-4CE3056B241D,3.0,4.5,0.1,0.02,0.0,4,2.0,4.5,0.1,0
9C6C3AA6-0027-4B54-99E8-4DDD54A47248,3.0,4.5,0.1,0.02,0.0,4,2.0,4.5,0.1,0
DA527712-4482-44E5-9BD1-4E8641395575,3.0,4.5,0.1,0.03,0.0,4,1.0,4.5,0.1,0
E4B06CD7-BF35-4474-A7D1-4EDE2845166B,3.0,4.5,0.1,0.03,0.0,4,3.0,4.5,0.1,0
D30151FE-6A51-4ACF-B574-4EED6C430492,3.0,4.5,0.1,0.03,0.0,4,1.0,4.5,0.1,0
D93993AA-94F7-42D7-B3AA-4F90A3784C6D,3.0,4.5,0.1,0.03,0.0,4,1.0,4.5,0.05,0
0035E329-6CE3-47A8-A908-4FD07F5B2966,3.0,4.5,0.1,0.03,0.0,4,2.0,4.5,0.1,0
5BC3E8DB-A1EE-4F76-AD62-505F0719C098,3.0,4.5,0.05,0.02,0.0,4,2.0,4.5,0.05,0
549A76EB-8115-480B-89E8-509DCE286D1D,3.0,4.5,0.1,0.03,0.0,4,2.0,4.5,0.1,0
FD09E7D1-867D-4057-8491-515A867C421F,3.0,4.5,0.1,0.02,0.0,4,2.0,4.5,0.1,0
C87CF1AA-0E6C-4C3C-A3E6-51AE73262F61,3.0,4.5,0.1,0.03,0.0,4,3.0,4.5,0.05,0
1B5706BB-E412-4CC8-A801-51C344F2B58F,3.0,4.5,0.1,0.02,0.0,4,2.0,4.5,0.1,0
DB0A3382-A342-4DF1-B791-51D7C9DF9FF8,3.0,4.5,0.1,0.03,0.0,4,1.0,4.5,0.1,0
95321719-5334-4616-822B-52285C86F1F8,3.0,4.5,0.1,0.03,0.0,4,2.0,4.5,0.1,0
A22BC9CB-CB22-4FD6-9B76-5230471E40E8,3.0,4.5,0.05,0.02,0.0,4,2.0,4.5,0.05,0
4CDA5939-20BA-4BD2-835D-52D6B2540C4B,3.0,4.5,0.1,0.03,0.0,4,3.0,4.5,0.1,0
C63D67C6-D65C-4431-8D56-5361FAB9B750,3.0,4.5,0.1,0.02,0.0,4,2.0,4.5,0.1,0
A72DDD09-B8DF-4564-A30C-53E0CD5CD3F4,3.0,4.5,0.05,0.02,0.0,4,2.0,4.5,0.05,0
CE589FF4-362A-4790-8FAF-53F24708D5DD,3.0,4.5,0.05,0.03,0.0,4,3.0,4.5,0.1,0
353A4827-8DFF-48D6-878E-544CD3C62552,3.0,4.5,0.05,0.03,0.0,4,1.0,4.5,0.1,0
E518F8F9-8F6D-4A54-9B84-548341CCFD6E,3.0,4.5,0.1,0.03,0.0,4,1.0,4.5,0.1,0
355DE97F-1B13-471C-B519-54B4EA26F831,3.0,4.5,0.05,0.02,0.0,4,2.0,4.5,0.05,0
55576649-D5E5-46DD-96BE-5540620707B4,3.0,4.5,0.1,0.03,0.0,4,2.0,4.5,0.1,0
BDF5244B-EEFC-40CE-B436-5620D9D4E537,3.0,4.5,0.1,0.03,0.0,4,2.0,4.5,0.1,0
FC15E49A-D0FB-4371-AEE3-56E4828F7987,3.0,4.5,0.1,0.02,0.0,4,2.0,4.5,0.1,0
6AC8AF3E-000B-44E0-BB9C-56FA6F90CC21,3.0,4.5,0.1,0.02,0.0,4,2.0,4.5,0.1,0
5064670C-B750-406B-A530-570BCEB268D3,3.0,4.5,0.1,0.03,0.0,4,3.0,4.5,0.1,0
7C02227B-45FE-4156-9008-5736B95CC563,3.0,4.5,0.05,0.02,0.0,4,2.0,4.5,0.1,0
B45736AD-A04B-461A-B28A-58C339577049,3.0,4.5,0.1,0.03,0.0,4,3.0,4.5,0.05,0
7423A28F-201B-48E2-A9F0-58D8657F5C75,3.0,4.5,0.1,0.03,0.0,4,1.0,4.5,0.1,0
75C2CB7D-082C-455D-8348-596921635326,3.0,4.5,0.1,0.02,0.0,4,2.0,4.5,0.1,0
6A02AFC9-291D-4B72-AB0D-59AF5BFD80FC,3.0,4.5,0.1,0.03,0.0,4,3.0,4.5,0.1,0
886C1315-652E-4E61-A582-59E989E4F629,3.0,4.5,0.1,0.05,0.0,4,1.0,4.5,0.1,0
D9CD81FA-8B41-4A4C-8484-5A62BA340285,3.0,4.5,0.1,0.03,0.0,4,3.0,4.5,0.1,0
94204BB4-BDEF-416F-9E54-5AD918972D15,3.0,4.5,0.1,0.02,0.0,4,2.0,4.5,0.1,0
5A9E914D-CB34-4CAE-A820-5AD9F335F0B4,3.0,4.5,0.1,0.03,0.0,4,1.0,4.5,0.1,0
5923E3C9-1EC4-4DC5-B048-5B1CE9DAC2D0,3.0,4.5,0.1,0.02,0.0,4,2.0,4.5,0.1,0
3C05FA9C-4E42-419F-B25B-5B7F372FF327,3.0,4.5,0.1,0.02,0.0,4,2.0,4.5,0.1,0
5F74F38E-9CC2-49A1-9782-5B9695C86F22,3.0,4.5,0.1,0.03,0.0,4,2.0,4.5,0.1,0
CFC99F33-9E49-47F6-9E54-5C139F1CFD58,3.0,4.5,0.1,0.05,0.0,4,1.0,4.5,0.1,0
6CC6EF42-B4C1-4357-9EBB-5CC545745182,3.0,4.5,0.1,0.03,0.0,4,2.0,4.5,0.1,0
B51FFBC7-AB3E-499D-B0EE-5CCD5D429BCF,3.0,4.5,0.1,0.02,0.0,4,2.0,4.5,0.1,0
39593191-9BE6-438C-8B6C-5CEF8D294A8E,3.0,4.5,0.05,0.02,0.0,4,2.0,4.5,0.1,0
D229978D-4C48-4C39-8941-5D1414B3C35C,3.0,4.5,0.1,0.03,0.0,4,1.0,4.5,0.1,0
6B134F88-B733-444F-9103-5D73AC86FD18,3.0,4.5,0.1,0.03,0.0,4,3.0,4.5,0.1,0
F9E8159F-A0E7-413F-A29E-5E1B9BCC4A66,3.0,4.5,0.05,0.03,0.0,4,3.0,4.5,0.1,0
6C489C4C-F11E-4A46-B83F-5E38A46A63C8,3.0,4.5,0.05,0.03,0.0,4,3.0,4.5,0.1,0
863A5BC1-512D-4796-8058-5EEA7C9832FB,3.0,4.5,0.1,0.02,0.0,4,2.0,4.5,0.1,0
BF73F346-6EF1-478B-9437-5F5F52650C32,3.0,4.5,0.1,0.03,0.0,4,1.0,4.5,0.1,0
D6BA1C74-D74A-4806-8943-5F6244A4F53D,3.0,4.5,0.1,0.02,0.0,4,2.0,4.5,0.1,0
89FF3B24-8B6D-45F5-BA66-6047C1DE3FAA,3.0,4.5,0.1,0.03,0.0,4,3.0,4.5,0.1,0
069A9BF4-9A81-49E0-BE38-6067D01FC9AF,3.0,4.5,0.1,0.02,0.0,4,2.0,4.5,0.1,0
0DE77379-E6F7-437D-8C54-609400F6396E,3.0,4.5,0.05,0.02,0.0,4,2.0,4.5,0.1,0
4049C475-C3D6-47BA-AFB4-61CDA6DAD4D6,3.0,4.5,0.05,0.03,0.0,4,3.0,4.5,0.1,0
B4C74366-318A-4EA0-9DEA-63115CF63875,3.0,4.5,0.1,0.02,0.0,4,2.0,4.5,0.1,0
25EE44EC-D655-4AA9-B800-6339141FFD22,3.0,4.5,0.05,0.03,0.0,4,3.0,4.5,0.1,0
60DF7D74-22CB-4EE3-A8D2-64C87D00A8DD,3.0,4.5,0.1,0.02,0.0,4,2.0,4.5,0.1,0
196C16AB-2A21-4604-9C54-6568AE9F0E86,3.0,4.5,0.1,0.03,0.0,4,2.0,4.5,0.1,0
48AC8A55-068E-4D56-A460-662B1E129329,3.0,4.5,0.1,0.03,0.0,4,2.0,4.5,0.1,0
FC1AF91D-5F72-414A-BE18-6640F5AC5A87,3.0,4.5,0.1,0.03,0.0,4,1.0,4.5,0.1,0
EA21804F-7B26-4CBD-9B36-671120E402C9,3.0,4.5,0.1,0.03,0.0,4,1.0,4.5,0.05,0
E17886AC-30CB-41C3-9C70-678094B11FF0,3.0,4.5,0.1,0.02,0.0,4,2.0,4.5,0.1,0
2CB905F8-9C4C-4350-95B0-67C259921DCF,3.0,4.5,0.1,0.03,0.0,4,2.0,4.5,0.1,0
78560BD5-3708-4118-9233-67ED02E309BB,3.0,4.5,0.1,0.02,0.0,4,2.0,4.5,0.1,0
3257165F-A491-4C70-B9F8-68E88E4F5F25,3.0,4.5,0.05,0.02,0.0,4,2.0,4.5,0.05,0
A219511B-4EB9-443D-837A-69056EF7E5F9,3.0,4.5,0.1,0.03,0.0,4,2.0,4.5,0.1,0
AB76FC8E-A069-40B6-829C-690C75342DAC,3.0,4.5,0.1,0.02,0.0,4,2.0,4.5,0.1,0
B26CDC3E-C1B6-4652-81FC-692F84A18BE6,3.0,4.5,0.1,0.03,0.0,4,1.0,4.5,0.1,0
C08761CB-816B-4824-B4BC-698664BF8F44,3.0,4.5,0.1,0.03,0.0,4,1.0,4.5,0.1,0
7D59684A-A274-45CE-8A0D-6A9B22CE0B74,3.0,4.5,0.1,0.03,0.0,4,2.0,4.5,0.1,0
1EA755AA-2860-4F81-BBCD-6AA3D45E38B0,3.0,4.5,0.1,0.03,0.0,4,1.0,4.5,0.1,0
7C3249E9-2293-4ACD-8810-6ADD0A326A9B,3.0,4.5,0.1,0.02,0.0,4,2.0,4.5,0.1,0
59C468AB-BE27-47A6-8CE6-6AF8E0187B83,3.0,4.5,0.05,0.03,0.0,4,3.0,4.5,0.05,0
D7FAAFA7-EFEF-44B9-AEAA-6BCBAB5BD8FD,3.0,4.5,0.1,0.03,0.0,4,2.0,4.5,0.1,0
65674C1F-FB68-492D-93CE-6C2B1DA9BBC9,3.0,4.5,0.1,0.03,0.0,4,3.0,4.5,0.1,0
31B63D65-DE56-46BB-8A90-6C38FA0E63BB,3.0,4.5,0.05,0.02,0.0,4,2.0,4.5,0.05,0
8F10DBFA-0FBD-4A1A-8038-6D370EFE3BAA,3.0,4.5,0.1,0.02,0.0,4,2.0,4.5,0.05,0
08CD5487-31F9-4F45-9F80-6D82F40D5B53,3.0,4.5,0.1,0.03,0.0,4,1.0,4.5,0.1,0
ACB8ECA1-61B2-4609-BBE6-6D90B8C08229,3.0,4.5,0.1,0.02,0.0,4,2.0,4.5,0.1,0
7D83C4F6-5CB5-4105-BFEF-6E1A0636B95F,3.0,4.5,0.1,0.03,0.0,4,2.0,4.5,0.1,0
EBCFB217-7D18-467A-B3F1-6E25D5DB9954,3.0,4.5,0.1,0.03,0.0,4,1.0,4.5,0.1,0
2609D6B2-C060-4539-A798-6E3CF7141606,3.0,4.5,0.1,0.03,0.0,4,2.0,4.5,0.1,0
E201E11D-D0B5-437D-826E-6E78FB4F1754,3.0,4.5,0.1,0.03,0.0,4,3.0,4.5,0.1,0
1A1B1C23-99AB-4D8A-952B-6EE545042812,3.0,4.5,0.05,0.01,0.0,4,1.0,4.5,0.1,0
1BB3ACF1-2342-418E-B16A-6F7A36BE42F5,3.0,4.5,0.1,0.03,0.0,4,1.0,4.5,0.1,0
ABB6E347-7EC6-41C5-A4AB-6F7F0CF4DC8A,3.0,4.5,0.1,0.02,0.0,4,2.0,4.5,0.1,0
3F029F1B-E899-43FC-9A7D-700A135E63B6,3.0,4.5,0.1,0.02,0.0,4,2.0,4.5,0.1,0
FF18EB0F-A931-47FB-B4FB-706C1292F9F2,3.0,4.5,0.05,0.03,0.0,4,3.0,4.5,0.05,0
970AA260-61E1-4D6C-9DE5-7149F17C955F,3.0,4.5,0.1,0.03,0.0,4,2.0,4.5,0.1,0
ED2367D0-667C-4918-AC19-715512B8E8AA,3.0,4.5,0.1,0.02,0.0,4,2.0,4.5,0.1,0
E83735FA-DF34-4A30-853E-7184BB0CF683,3.0,4.5,0.1,0.02,0.0,4,2.0,4.5,0.1,0
69DB1D98-2157-45CD-A7F1-71D21F77CE9D,3.0,4.5,0.1,0.03,0.0,4,2.0,4.5,0.1,0
1506E45A-3BDA-4F52-9CEF-71F9309026C6,3.0,4.5,0.1,0.03,0.0,4,1.0,4.5,0.1,0
1258634C-45E8-4610-897A-72085084FE02,3.0,4.5,0.05,0.02,0.0,4,2.0,4.5,0.1,0
10829572-5AB2-4AA0-8396-72EAB0D9A08B,3.0,4.5,0.1,0.02,0.0,4,2.0,4.5,0.05,0
D0FDEF89-8133-43E9-9BF4-730D2E823C06,3.0,4.5,0.1,0.02,0.0,4,2.0,4.5,0.1,0
B22FA857-4D2C-4F0D-B895-73A2F0CD7C2F,3.0,4.5,0.1,0.03,0.0,4,1.0,4.5,0.1,0
E2184836-9FF8-4476-BA8B-73A81013D635,3.0,4.5,0.1,0.03,0.0,4,2.0,4.5,0.1,0
6B53A974-622C-4AD9-9A56-73F99A539437,3.0,4.5,0.1,0.02,0.0,4,2.0,4.5,0.1,0
8194CEB1-B240-4357-8E9F-7487FB0177EB,3.0,4.5,0.1,0.05,0.0,4,1.0,4.5,0.1,0
6121C974-0118-469B-B16E-7492F6A23C30,3.0,4.5,0.1,0.03,0.0,4,1.0,4.5,0.1,0
CCC6554C-8834-4832-8DEB-74B70F046E38,3.0,4.5,0.1,0.03,0.0,4,3.0,4.5,0.1,0
18AB601B-AF1E-4CD4-A739-75D9AC0AC2A7,3.0,4.5,0.1,0.05,0.0,4,1.0,4.5,0.1,0
525BA534-3A72-48C8-8219-7676B2F3A9DC,3.0,4.5,0.1,0.02,0.0,4,2.0,4.5,0.1,0
FA9F7DA7-E631-4944-A329-76770AD024FB,3.0,4.5,0.1,0.03,0.0,4,1.0,4.5,0.1,0
B51CB358-E77C-49CE-86F0-76E3A77955C8,3.0,4.5,0.1,0.03,0.0,4,2.0,4.5,0.1,0
B6B9ADE2-95F9-4AAB-9B14-783439DA3E9E,3.0,4.5,0.1,0.03,0.0,4,3.0,4.5,0.1,0
028C56E8-A334-4A39-AD68-78C8E463F7E5,3.0,4.5,0.1,0.03,0.0,4,2.0,4.5,0.1,0
63155B97-528E-4200-9D57-78E938C4F11E,3.0,4.5,0.1,0.02,0.0,4,2.0,4.5,0.1,0
1ED1B836-6F7B-4548-8E23-78F57F5C5A68,3.0,4.5,0.05,0.02,0.0,11,2.0,5.0,0.1,0
42D7A9B2-ABDF-43FA-BE44-78FF95403014,3.0,4.5,0.1,0.02,0.0,4,2.0,4.5,0.1,0
E15E75CF-B5B4-42F5-893B-79019D7EBDFA,3.0,4.5,0.05,0.05,0.0,4,1.0,4.5,0.1,0
BDB0CE4C-6AA4-4AAD-AA76-7963D4C349B1,3.0,4.5,0.1,0.03,0.0,4,2.0,4.5,0.1,0
778C4A13-9724-4F31-AA6B-7A7B61CCF88A,3.0,4.5,0.1,0.02,0.0,4,2.0,4.5,0.1,0
37CC9E1A-9C61-43A9-B6A3-7B282891FA88,3.0,4.5,0.05,0.03,0.0,4,3.0,4.5,0.05,0
1087EFBA-5164-4D44-9936-7B4DBE8448A9,3.0,4.5,0.1,0.03,0.0,4,2.0,4.5,0.1,0
7549EB4E-F9E1-4029-9C92-7B6350A21F1E,3.0,4.5,0.1,0.03,0.0,4,3.0,4.5,0.1,0
16642E22-B1FC-4433-949F-7B912A589BD3,3.0,4.5,0.05,0.02,0.0,4,2.0,4.5,0.05,0
C561DA93-F997-4BAF-91A7-7BD495ABCE4D,3.0,4.5,0.1,0.03,0.0,4,1.0,4.5,0.1,0
F1031B6A-3CDC-47B5-9F06-7BD9BAD8A339,3.0,4.5,0.1,0.03,0.0,4,3.0,4.5,0.1,0
3EE2579E-BFF9-406A-81F7-7C5D182E8D01,3.0,4.5,0.1,0.03,0.0,4,1.0,4.5,0.1,0
E5654044-07BB-41D1-B708-7C626AA016D1,3.0,4.5,0.1,0.05,0.0,4,1.0,4.5,0.1,0
687FDDBC-A1F5-4E2D-9AC7-7C68625342ED,3.0,4.5,0.1,0.02,0.0,4,2.0,4.5,0.1,0
DE34F691-E6EF-4439-ADB5-7CE118E8E4B4,3.0,4.5,0.1,0.03,0.0,4,3.0,4.5,0.1,0
62EAE01A-236F-4ADA-BE48-7EB8EF981652,3.0,4.5,0.1,0.03,0.0,4,2.0,4.5,0.1,0
A8F2051C-2513-4D07-A5D9-8004920A190A,3.0,4.5,0.1,0.03,0.0,4,2.0,4.5,0.1,0
71BD706C-AF91-4194-9229-80C16D13786E,3.0,4.5,0.1,0.02,0.0,4,2.0,4.5,0.1,0
7EC20965-4BF0-4811-A66A-811801C9E114,3.0,4.5,0.05,0.02,0.0,11,2.0,5.0,0.1,0
B9FAAC53-56D9-4A4D-AE24-8148A31F0D5B,3.0,4.5,0.1,0.03,0.0,4,1.0,4.5,0.1,0
EB56C4B6-6E28-44BB-B6C7-8213769084A6,3.0,4.5,0.1,0.03,0.0,4,1.0,4.5,0.1,0
1157E10E-E43D-4C40-A537-822B69568385,3.0,4.5,0.1,0.03,0.0,4,2.0,4.5,0.1,0
11EEC44D-E130-4EF3-9FAD-82B577B13A99,3.0,4.5,0.1,0.02,0.0,4,2.0,4.5,0.1,0
C5E2685D-B931-4DFA-8BC9-834D489CC4B5,3.0,4.5,0.1,0.03,0.0,4,3.0,4.5,0.1,0
9FD7D171-31C6-46CB-832F-83EF01CAA042,3.0,4.5,0.05,0.03,0.0,4,3.0,4.5,0.05,0
523DAD05-DCB2-4E07-AE33-842725D7F6ED,3.0,4.5,0.1,0.05,0.0,4,1.0,4.5,0.1,0
1852387F-2EDD-438F-90D0-849EDD98921A,3.0,4.5,0.1,0.02,0.0,4,2.0,4.5,0.1,0
3121D2F1-5501-4176-9F0C-8505E4DEFC3F,3.0,4.5,0.1,0.03,0.0,4,1.0,4.5,0.1,0
F73CFE4A-023B-473A-8C9B-856E2AD3BA1F,3.0,4.5,0.1,0.03,0.0,4,2.0,4.5,0.1,0
F33E417D-D0A2-4AC1-B970-85E13301BF10,3.0,4.5,0.05,0.02,0.0,4,2.0,4.5,0.1,0
7853D8BC-D160-486B-81BD-85F6ED77C2FD,3.0,4.5,0.05,0.02,0.0,4,2.0,4.5,0.1,0
7B6B6214-7C12-4ACB-83D4-860D40FCA93E,3.0,4.5,0.05,0.03,0.0,4,1.0,5.0,0.05,0
BF529B70-688A-4A9D-A6D3-863EE6495437,3.0,4.5,0.1,0.03,0.0,4,3.0,4.5,0.1,0
E1767E82-D401-4A2E-ADF8-87D04D37BC85,3.0,4.5,0.1,0.03,0.0,4,1.0,4.5,0.1,0
D6DA3F8A-8954-45D7-A6F8-88B041C1B35C,3.0,4.5,0.1,0.03,0.0,4,1.0,4.5,0.1,0
0DC7DEE5-3527-42F0-92C8-893830B7CB0D,3.0,4.5,0.1,0.03,0.0,4,2.0,4.5,0.1,0
686CC393-C089-4307-9074-89ECE66DBC6D,3.0,4.5,0.1,0.03,0.0,4,2.0,4.5,0.1,0
5403C866-5FC5-4211-B813-8A3F7236964C,3.0,4.5,0.1,0.02,0.0,0,2.0,4.5,0.05,0
7E49DAEC-97DC-4AB6-9888-8A4D1714CBF5,3.0,4.5,0.05,0.02,0.0,4,2.0,4.5,0.05,0
3A89278B-8956-4177-A7EB-8A5B5EE13666,3.0,4.5,0.1,0.03,0.0,4,2.0,4.5,0.1,0
3A6F40C4-6FE9-4400-BD10-8AB9F9AFA428,3.0,4.5,0.1,0.03,0.0,4,2.0,4.5,0.1,0
8FD45A13-0AE0-411C-B9B7-8AD7029F33F5,3.0,4.5,0.1,0.02,0.0,4,2.0,4.5,0.1,0
00B50699-79D7-4155-91E6-8B8050EFDAE1,3.0,4.5,0.1,0.02,0.0,4,2.0,4.5,0.1,0
864C3A24-DA22-4D6B-A0EF-8B86A40B14CC,3.0,4.5,0.1,0.03,0.0,4,1.0,4.5,0.1,0
6834ADB1-71E8-41F1-A472-8BC6C8235594,3.0,4.5,0.1,0.03,0.0,4,3.0,4.5,0.1,0
FCB9C359-E4F8-4C4F-A6F9-8C303565F69B,3.0,4.5,0.1,0.03,0.0,4,3.0,4.5,0.1,0
06FC949B-3723-4C7C-A441-8CCC2D4F6E49,3.0,4.5,0.1,0.03,0.0,4,2.0,4.5,0.1,0
53B9D932-7D50-440B-A6AD-8DBE3D386C04,3.0,4.5,0.1,0.03,0.0,4,1.0,4.5,0.1,0
7E528ECD-58A5-4D38-80F0-90B6065DEFA5,3.0,4.5,0.1,0.02,0.0,4,2.0,4.5,0.1,0
C11D57B5-EBFD-46AF-B4F4-90B714C82BDC,3.0,4.5,0.1,0.02,0.0,4,2.0,4.5,0.1,0
AB0CDDBC-ECE3-4E2B-882A-90B73F025E69,3.0,4.5,0.1,0.03,0.0,4,2.0,4.5,0.1,0
912CE10F-EB7B-4780-A54B-9115B2A1FD07,3.0,4.5,0.1,0.03,0.0,4,2.0,4.5,0.1,0
7D6B1B71-083A-48A0-8CA2-9117666F6298,3.0,4.5,0.1,0.02,0.0,4,2.0,4.5,0.1,0
6590F8C5-4040-4DCD-A5B0-9190626E1B71,3.0,4.5,0.1,0.03,0.0,4,3.0,4.5,0.1,0
4C6CC0D3-5354-4FC0-A43D-91CCEC716347,3.0,4.5,0.1,0.02,0.0,4,2.0,4.5,0.1,0
A04DBCC3-0096-4F62-82BB-9201CAE71DBE,3.0,4.5,0.1,0.03,0.0,4,2.0,4.5,0.1,0
7981C716-FAAC-4FC9-9DCC-92A2A2DA29C9,3.0,4.5,0.1,0.03,0.0,4,2.0,4.5,0.1,0
40BB81C8-4DEF-4E1E-A793-92CC5AE6402C,3.0,4.5,0.1,0.03,0.0,4,3.0,4.5,0.1,0
A5BD6BF3-3610-4516-93ED-92F4D0C8C6E0,3.0,4.5,0.1,0.02,0.0,4,2.0,4.5,0.1,0
5960C65C-4127-41E4-A762-93085E7C4448,3.0,4.5,0.1,0.03,0.0,4,3.0,4.5,0.1,0
169C8EB0-562E-458E-B45F-9386469D67D4,3.0,4.5,0.1,0.03,0.0,0,3.0,4.5,0.05,0
B882DB18-4C4B-4A72-9C8F-93D40F4F7B6F,3.0,4.5,0.1,0.03,0.0,4,3.0,4.5,0.1,0
4144C94D-84F7-46C8-9CE7-93D6209E0845,3.0,4.5,0.1,0.03,0.0,4,2.0,4.5,0.1,0
3D655F5E-5CC5-4066-8EF2-946C8A75C6AF,3.0,4.5,0.1,0.03,0.0,4,3.0,4.5,0.1,0
41A23123-5C10-4B49-B527-94D70638396E,3.0,4.5,0.1,0.02,0.0,4,2.0,4.5,0.1,0
F3E64170-8AB2-4BCF-BC3E-9539430C005E,3.0,4.5,0.1,0.03,0.0,4,1.0,4.5,0.1,0
C9ACC661-61C9-4AA5-B49B-9591D8EDD908,3.0,4.5,0.1,0.02,0.0,4,2.0,4.5,0.1,0
EA35C3DB-B927-4E9F-9039-95C08DCF0E14,3.0,4.5,0.1,0.02,0.0,4,2.0,4.5,0.1,0
B944514E-CFC1-4EAA-98E9-963573A9445E,3.0,4.5,0.1,0.02,0.0,4,2.0,4.5,0.1,0
D306720A-3F94-4D3A-A6C4-96AB156B3B65,3.0,4.5,0.1,0.03,0.0,4,2.0,4.5,0.1,0
4F7FE852-8654-4618-BAC9-973A6CA35CE4,3.0,4.5,0.1,0.02,0.0,4,2.0,4.5,0.1,0
E1BB09FC-7C2E-4692-B7B8-9786E35D7680,3.0,4.5,0.1,0.03,0.0,4,1.0,4.5,0.1,0
DF248D73-18E6-49B8-82FC-98453D6641B3,3.0,4.5,0.1,0.03,0.0,4,2.0,4.5,0.1,0
7E68B15A-1776-4099-B838-99095ABFBD92,3.0,4.5,0.05,0.02,0.0,4,2.0,4.5,0.1,0
0B680403-C11C-4444-B599-99D768D5F485,3.0,4.5,0.1,0.03,0.0,4,3.0,4.5,0.1,0
0E4543DD-DC84-405F-945D-99F01D249827,3.0,4.5,0.1,0.03,0.0,4,1.0,4.5,0.1,0
7A59E5D2-BB15-4975-8999-9A62FEEA285C,3.0,4.5,0.1,0.03,0.0,4,2.0,4.5,0.1,0
A887C906-AC10-4123-A403-9AF54B45C93A,3.0,4.5,0.05,0.03,0.0,4,3.0,4.5,0.05,0
EDE1EAA7-82D0-4DDF-9CEE-9B371F8C9754,3.0,4.5,0.05,0.03,0.0,4,3.0,4.5,0.1,0
2D6F356A-5244-4B71-B9F1-9C80CB50F201,3.0,4.5,0.05,0.03,0.0,4,1.0,4.5,0.05,0
2609876C-493B-46C7-9920-9CA7EFADC3AD,3.0,4.5,0.1,0.03,0.0,4,2.0,4.5,0.1,0
B3C25B10-E6AD-4810-8CA5-9CEA1DA06CCA,3.0,4.5,0.1,0.02,0.0,4,2.0,4.5,0.1,0
0E32E334-A45A-4C9A-AF68-9D08E0488083,3.0,4.5,0.1,0.03,0.0,4,2.0,4.5,0.1,0
7F3339D3-3AEC-424D-8BFC-9D28D231874B,3.0,4.5,0.1,0.03,0.0,4,2.0,4.5,0.1,0
55FB1D1F-013B-4040-A5AE-9D9777880539,3.0,4.5,0.1,0.03,0.0,4,2.0,4.5,0.1,0
9F6AC06D-A71A-4CC9-89F6-9DA8B50DA3CD,3.0,4.5,0.05,0.03,0.0,4,3.0,4.5,0.05,0
66DCEF38-2903-4EA9-85F9-9E09D0D8817F,3.0,4.5,0.1,0.03,0.0,4,2.0,4.5,0.1,0
E91A74F0-D7D2-4EAA-BE15-9E9BFCE6800B,3.0,4.5,0.1,0.02,0.0,4,2.0,4.5,0.1,0
D3221397-41A7-45D6-A84E-9EC375198521,3.0,4.5,0.1,0.02,0.0,4,2.0,4.5,0.1,0
D949A892-EC13-4C5F-8A7D-9F0BF97BE281,3.0,4.5,0.1,0.03,0.0,4,1.0,4.5,0.1,0
E1A5C936-8F88-4678-8E82-9FAE324A3CC9,3.0,4.5,0.1,0.03,0.0,4,2.0,4.5,0.1,0
86A209C2-E70A-4C65-B3C5-A00781944031,3.0,4.5,0.1,0.03,0.0,4,3.0,4.5,0.1,0
C987BC64-1423-47AE-97EB-A039F2EBF7CA,3.0,4.5,0.1,0.02,0.0,4,2.0,4.5,0.1,0
EA120202-8DBE-47C9-A0B6-A0B38AD434D3,3.0,4.5,0.1,0.03,0.0,4,3.0,4.5,0.1,0
61A9B2FE-1754-4405-B5EA-A100E26C35EF,3.0,4.5,0.1,0.03,0.0,4,1.0,4.5,0.1,0
36BB0719-3A46-46D9-A3C9-A13C70378C54,3.0,4.5,0.05,0.02,0.0,4,2.0,5.0,0.1,0
F639B726-C106-45D1-8952-A140C0DB9F90,3.0,4.5,0.1,0.02,0.0,4,2.0,4.5,0.1,0
DE262020-739B-465E-A278-A1ED94C238ED,3.0,4.5,0.1,0.03,0.0,4,2.0,4.5,0.1,0
3EB816A9-520C-4162-90C5-A2FD830AF5C5,3.0,4.5,0.1,0.03,0.0,4,2.0,4.5,0.1,0
5AED1164-6EE8-43DE-BC9F-A30C226EDCCB,3.0,4.5,0.1,0.03,0.0,4,2.0,4.5,0.1,0
86380B42-2618-4A41-B2E1-A38097C3BB68,3.0,4.5,0.1,0.03,0.0,4,3.0,4.5,0.1,0
C2E805B3-3C48-4DD1-B459-A38F775367E4,3.0,4.5,0.1,0.02,0.0,4,1.0,4.5,0.1,0
DB517DB6-C0F1-425A-9271-A3F12EF820C9,3.0,4.5,0.1,0.03,0.0,4,3.0,4.5,0.1,0
2874E0DF-6703-45AE-AF01-A4E4353D7F9F,3.0,4.5,0.05,0.03,0.0,4,1.0,4.5,0.05,0
5A98DAA8-6A25-469F-92DE-A50F0D8BFF80,3.0,4.5,0.1,0.03,0.0,4,3.0,4.5,0.1,0
B280F4C5-C29E-4DEF-8F92-A554C9B7202A,3.0,4.5,0.05,0.03,0.0,4,3.0,4.5,0.1,0
E5D0F5D9-820B-47AA-A790-A56CE84A6E17,3.0,4.5,0.1,0.02,0.0,4,2.0,4.5,0.1,0
1D2629A4-869D-417D-B399-A56EB68A651B,3.0,4.5,0.05,0.02,0.0,4,2.0,5.0,0.1,0
92E24B76-F947-495F-9CB9-A582AB91EAFE,3.0,4.5,0.1,0.03,0.0,4,1.0,4.5,0.05,0
C773125A-EAD4-4D7E-8CF2-A5A33D4D0F51,3.0,4.5,0.1,0.03,0.0,4,1.0,4.5,0.1,0
7373217E-D9D0-4211-BDC1-A5A61590C092,3.0,4.5,0.1,0.03,0.0,4,2.0,4.5,0.1,0
9436278D-9209-4390-9A82-A61AD24E485C,3.0,4.5,0.1,0.03,0.0,4,2.0,4.5,0.1,0
F43B9340-BAE1-4C66-AE54-A6E95C82FF09,3.0,4.5,0.1,0.03,0.0,4,1.0,4.5,0.05,0
851FDA8F-C59E-4B66-BF81-A71768E29515,3.0,4.5,0.1,0.03,0.0,4,2.0,4.5,0.1,0
19F70860-C54E-4017-B45B-A741F7891C7A,3.0,4.5,0.1,0.02,0.0,4,2.0,4.5,0.1,0
D5043058-CA0A-4CF3-ACFE-A746D0FBD11C,3.0,4.5,0.1,0.03,0.0,4,3.0,4.5,0.1,0
5082E52B-AE32-48C4-94C0-A754298CB98D,3.0,4.5,0.1,0.03,0.0,4,2.0,4.5,0.1,0
D815FC37-DE5F-42A3-A579-A8251468F785,3.0,4.5,0.1,0.02,0.0,4,2.0,4.5,0.1,0
05217DE4-E71D-45EA-9F0B-A88DA81656DA,3.0,4.5,0.1,0.03,0.0,4,2.0,4.5,0.1,0
48ADB224-2199-455A-BA04-A8FDE0B6A089,3.0,4.5,0.1,0.02,0.0,4,2.0,4.5,0.1,0
C9C013FB-045C-41A2-824E-A945DA54847B,3.0,4.5,0.1,0.03,0.0,4,1.0,4.5,0.1,0
DC0037DA-0727-4C90-B884-A9B8AE876E07,3.0,4.5,0.1,0.02,0.0,4,2.0,4.5,0.1,0
BED91EB8-DFBC-41E4-BE79-AA28C2FB4A06,3.0,4.5,0.1,0.03,0.0,4,3.0,4.5,0.1,0
250C25E4-73A8-4F5B-A493-AA3A5A673173,3.0,4.5,0.1,0.03,0.0,4,2.0,4.5,0.1,0
AC3D8238-FB53-41BA-A4E7-AAC9B44CE8C4,3.0,4.5,0.05,0.02,0.0,4,2.0,4.5,0.05,0
D09FDFEF-91A0-45F8-9EAE-AB317FD2239D,3.0,4.5,0.05,0.02,0.0,4,2.0,4.5,0.1,0
A7F1F446-E099-4430-BCBF-AB9059EAB153,3.0,4.5,0.1,0.02,0.0,4,2.0,4.5,0.1,0
57FA1E09-610F-460A-82C9-ABC448A0A508,3.0,4.5,0.1,0.02,0.0,4,2.0,4.5,0.1,0
DFDBA854-FF57-49C6-A1F0-AD76590688D2,3.0,4.5,0.1,0.03,0.0,4,2.0,4.5,0.1,0
BC06AD08-2D26-49A5-8180-AE2FE818DDAD,3.0,4.5,0.05,0.03,0.0,4,3.0,4.5,0.1,0
D7299704-1E59-48EA-948C-AE75D653DB84,3.0,4.5,0.1,0.03,0.0,4,2.0,4.5,0.1,0
B95B5D49-F223-4A3C-9ED1-AEA6D6C1F828,3.0,4.5,0.1,0.03,0.0,4,2.0,4.5,0.1,0
71FD19A6-4EC3-46AF-85E4-AF71C7486DD0,3.0,4.5,0.1,0.03,0.0,4,3.0,4.5,0.1,0
FC3F87DF-04BB-420A-8A5C-B049DA018F1B,3.0,4.5,0.05,0.02,0.0,4,2.0,4.5,0.1,0
1D631A1D-2068-4FA3-AF78-B04F9BF7B01C,3.0,4.5,0.1,0.02,0.0,4,2.0,4.5,0.1,0
5A971D6E-CA72-4680-B675-B17D335ABCE7,3.0,4.5,0.1,0.03,0.0,4,2.0,4.5,0.1,0
B327277D-0019-4C0D-A8DE-B2B01D739395,3.0,4.5,0.1,0.03,0.0,4,1.0,4.5,0.05,0
E4F3289C-F089-41C4-B918-B33741C4D29C,3.0,4.5,0.05,0.03,0.0,4,3.0,4.5,0.05,0
C17764BA-D1B5-4752-91E7-B3572C71275F,3.0,4.5,0.05,0.03,0.0,4,3.0,4.5,0.05,0
A98DE3E7-AC81-453C-865C-B3BA7FC9CFC8,3.0,4.5,0.05,0.03,0.0,4,3.0,4.5,0.1,0
31C2D32B-34F0-4643-87CF-B420400237F1,3.0,4.5,0.1,0.03,0.0,4,1.0,4.5,0.1,0
121B1E31-F513-4AA6-8CB3-B44DECCDAB6D,3.0,4.5,0.1,0.03,0.0,4,2.0,4.5,0.1,0
6DB3E21F-7E19-449C-8DC4-B4A96DA798E3,3.0,4.5,0.1,0.03,0.0,4,2.0,4.5,0.1,0
6B6A9E73-23FE-4203-9828-B51F3E9AD527,3.0,4.5,0.1,0.02,0.0,4,2.0,4.5,0.1,0
6471AAD8-A9D5-478F-AB4C-B5289557F7B2,3.0,4.5,0.1,0.02,0.0,4,2.0,4.5,0.1,0
F89144BE-F913-4E3D-9D35-B56EB9D0B177,3.0,4.5,0.1,0.03,0.0,4,3.0,4.5,0.1,0
CD2B739D-9707-4299-9B5C-B5762799E29E,3.0,4.5,0.1,0.03,0.0,4,1.0,4.5,0.05,0
EF96AE88-BCBE-46BB-B0B2-B5A1996F25B1,3.0,4.5,0.1,0.03,0.0,4,3.0,4.5,0.05,0
A084E78E-C88C-42BE-95EA-B63FF2D1102C,3.0,4.5,0.05,0.03,0.0,4,3.0,4.5,0.1,0
DD4FA437-3A04-4085-84C9-B6742A1C14AE,3.0,4.5,0.1,0.03,0.0,4,1.0,4.5,0.1,0
6B6173B1-B6C9-4E76-97E9-B6ADD854A839,3.0,4.5,0.1,0.03,0.0,4,2.0,4.5,0.1,0
43A57D4B-5B0F-4058-95A8-B857AB418A21,3.0,4.5,0.1,0.02,0.0,4,2.0,4.5,0.1,0
3942AEA4-121B-44FD-ACF3-B89951806A03,3.0,4.5,0.05,0.02,0.0,4,2.0,4.5,0.1,0
A24A91CE-0709-492D-89BD-B89F54679CE6,3.0,4.5,0.1,0.02,0.0,4,2.0,4.5,0.05,0
724674B5-F848-4A8C-B561-B8A42A609FCE,3.0,4.5,0.1,0.03,0.0,4,2.0,4.5,0.1,0
0649E632-A9A0-48CF-96DB-B8DEB70C97BB,3.0,4.5,0.1,0.03,0.0,4,3.0,4.5,0.1,0
FE83905B-2277-4B85-A667-B91BA701A800,3.0,4.5,0.1,0.03,0.0,4,2.0,4.5,0.1,0
2B8F3B42-1742-4D14-BF72-B9BFAE81B6FA,3.0,4.5,0.1,0.03,0.0,4,1.0,4.5,0.1,0
61B015C0-2FA6-4A65-8814-BA392843414E,3.0,4.5,0.1,0.03,0.0,4,1.0,4.5,0.1,0
56A21AF9-197C-463B-B4C1-BAA111DD7EEF,3.0,4.5,0.1,0.02,0.0,4,2.0,4.5,0.1,0
5DD3645B-DB94-45AD-A3CF-BB057C5A72A7,3.0,4.5,0.05,0.03,0.0,4,3.0,4.5,0.05,0
FA150E4E-E957-435B-82FB-BB5B4FD7241B,3.0,4.5,0.1,0.03,0.0,4,2.0,4.5,0.1,0
F4A0C1D1-09A8-440F-AD7A-BB8C2B94E64A,3.0,4.5,0.1,0.03,0.0,4,3.0,4.5,0.1,0
4F5D291F-CCC2-484D-BD36-BBFC1C45E397,3.0,4.5,0.1,0.02,0.0,4,2.0,4.5,0.1,0
194CC6F3-2C25-4F23-A959-BC4983D386B5,3.0,4.5,0.1,0.03,0.0,4,1.0,4.5,0.1,0
7C0F1DE4-F170-40A3-9272-BC5267138609,3.0,4.5,0.05,0.02,0.0,4,2.0,4.5,0.05,0
26EB911E-92D9-44F5-AEA9-BF6502ECC251,3.0,4.5,0.1,0.02,0.0,4,2.0,4.5,0.1,0
6313AD91-C206-4926-A23B-BF7AD200273B,3.0,4.5,0.1,0.03,0.0,4,2.0,4.5,0.1,0
33B3E8F3-1869-4446-A947-BF92F3FFC1DD,3.0,4.5,0.05,0.02,0.0,4,2.0,4.5,0.1,0
B710E3C1-8AA9-4D5E-99BF-BFAF5FB7E756,3.0,4.5,0.1,0.03,0.0,4,3.0,4.5,0.1,0
047B988F-A681-45C1-A94D-BFEF7475CD39,3.0,4.5,0.1,0.03,0.0,4,1.0,4.5,0.1,0
7F48791E-B186-4A44-871E-C0290074C52F,3.0,4.5,0.1,0.02,0.0,4,2.0,4.5,0.1,0
F938CA47-FC31-45D2-BF73-C0786A626315,3.0,4.5,0.1,0.03,0.0,4,2.0,4.5,0.1,0
05E4912D-4F41-4F3A-8BDA-C0B7126C08F6,3.0,4.5,0.1,0.05,0.0,4,1.0,4.5,0.1,0
1F4C6CF8-08BB-47B1-B9EB-C0D2F28A27F0,3.0,4.5,0.1,0.02,0.0,4,2.0,4.5,0.1,0
D2AA5C91-3DF8-45A5-B847-C111347F3D89,3.0,4.5,0.1,0.02,0.0,4,2.0,4.5,0.1,0
622BF2A5-4991-46BB-A700-C20A3526BD51,3.0,4.5,0.1,0.02,0.0,4,2.0,4.5,0.1,0
51DF3072-9600-491B-B199-C278D8F03C54,3.0,4.5,0.1,0.03,0.0,4,3.0,4.5,0.1,0
652AB10D-0B2E-4CA3-952B-C2909FD9A858,3.0,4.5,0.1,0.03,0.0,4,2.0,4.5,0.1,0
F553EFA1-9352-4349-A930-C2B829CCBE51,3.0,4.5,0.1,0.03,0.0,4,2.0,4.5,0.1,0
8B4044E2-D23C-40DD-9D4C-C30AC37C6838,3.0,4.5,0.1,0.03,0.0,4,1.0,4.5,0.1,0
F2F14F93-39CA-41BF-AF17-C3EC568669A1,3.0,4.5,0.1,0.02,0.0,4,2.0,4.5,0.1,0
48428CEF-6305-405C-94E4-C40EAA654055,3.0,4.5,0.1,0.03,0.0,4,1.0,4.5,0.1,0
7B190ACD-902E-463F-80CE-C4EBD790F66C,3.0,4.5,0.1,0.03,0.0,4,1.0,4.5,0.1,0
90E0EDFE-356B-4BED-AEA8-C50DC80349EC,3.0,4.5,0.05,0.03,0.0,4,3.0,4.5,0.1,0
C6A67BEE-4C97-45EC-9FE3-C5E8411A7B90,3.0,4.5,0.1,0.03,0.0,4,1.0,4.5,0.1,0
FAE1EE26-A265-4500-B55A-C71DD60A1DD8,3.0,4.5,0.1,0.03,0.0,4,2.0,4.5,0.1,0
51340B70-FD4A-46F7-90F3-C72F6DA91C6D,3.0,4.5,0.1,0.03,0.0,4,3.0,4.5,0.1,0
07EBDDAA-E05A-4B5D-A1FE-C7D4EF87C27F,3.0,4.5,0.1,0.03,0.0,4,2.0,4.5,0.1,0
175D5447-AE5B-4071-B8ED-C871C074B978,3.0,4.5,0.1,0.02,0.0,4,2.0,4.5,0.1,0
07A16ED4-8ECA-4DD3-AC5E-C8996908B8A7,3.0,4.5,0.1,0.03,0.0,4,2.0,4.5,0.1,0
B646297C-1D7E-4993-AC10-C8C0BE597A58,3.0,4.5,0.05,0.03,0.0,4,3.0,4.5,0.1,0
A173CBE0-01EA-4730-9744-C8F20C3CB12E,3.0,4.5,0.1,0.03,0.0,4,3.0,4.5,0.1,0
363D4D90-6C05-4DF5-860A-CAA10DEEE53D,3.0,4.5,0.1,0.03,0.0,4,3.0,4.5,0.05,0
1E610093-B3F0-446F-A93C-CAE4251C5E13,3.0,4.5,0.05,0.02,0.0,4,2.0,4.5,0.1,0
DCA51BAF-E4F9-4D77-BE37-CB4642ADC8FD,3.0,4.5,0.05,0.03,0.0,4,3.0,4.5,0.1,0
2F7C9172-6969-4201-B5DB-CB8F97EBEEB7,3.0,4.5,0.1,0.02,0.0,4,2.0,4.5,0.1,0
CF41F369-AF3F-4482-B0FC-CC2E853B68BD,3.0,4.5,0.05,0.03,0.0,4,3.0,4.5,0.1,0
3870F220-3303-47E7-87DF-CCD36C56843F,3.0,4.5,0.1,0.03,0.0,4,2.0,4.5,0.1,0
D506E641-5F32-4E5F-9AEF-CCDB7B5FF154,3.0,4.5,0.1,0.02,0.0,4,2.0,4.5,0.1,0
9BDB5CC0-494A-4FA3-9A8A-CD18B5CCA9C4,3.0,4.5,0.1,0.02,0.0,4,2.0,4.5,0.1,0
A618BC7B-B1C6-4A31-A319-CD54C341B1B9,3.0,4.5,0.1,0.03,0.0,4,2.0,4.5,0.1,0
91739A31-4398-437D-969D-D050C6EFF6CD,3.0,4.5,0.1,0.05,0.0,4,1.0,4.5,0.1,0
1512F5BA-294E-4B6A-A9A8-D0A4F2AC0226,3.0,4.5,0.1,0.03,0.0,4,2.0,4.5,0.1,0
B638C2A7-2F01-4D0D-BFB6-D0C9CA43F203,3.0,4.5,0.1,0.03,0.0,4,1.0,4.5,0.1,0
1A0B77D0-64E9-4AFF-945C-D20CF8632465,3.0,4.5,0.1,0.03,0.0,4,3.0,4.5,0.1,0
0BB9AA0E-CC80-473F-A4C5-D21194F406E9,3.0,4.5,0.1,0.03,0.0,4,3.0,4.5,0.1,0
A4575647-2055-468E-A05D-D28F8F8DBCE4,3.0,4.5,0.1,0.02,0.0,4,2.0,4.5,0.1,0
A112AFCD-F196-4775-B664-D2F0065FBB44,3.0,4.5,0.1,0.03,0.0,4,2.0,4.5,0.1,0
4D533E46-CC32-4182-99AB-D2F2177D0EDF,3.0,4.5,0.1,0.03,0.0,4,1.0,4.5,0.1,0
DFEE5648-F446-4887-A48A-D34AFF1EC858,3.0,4.5,0.05,0.03,0.0,4,1.0,4.5,0.05,0
EA265F5E-1E4D-446E-B534-D46962CD232E,3.0,4.5,0.1,0.02,0.0,4,2.0,4.5,0.1,0
9F4209E7-E43B-4C63-9A92-D49948948E25,3.0,4.5,0.1,0.03,0.0,4,2.0,4.5,0.1,0
AB596E09-044D-4C48-A340-D4A4B4A96F7F,3.0,4.5,0.1,0.03,0.0,4,2.0,4.5,0.1,0
3E7AB739-1715-4E4F-ABAE-D53DCDD22E94,3.0,4.5,0.1,0.02,0.0,4,2.0,4.5,0.1,0
35A934F0-514D-4615-A1D2-D54A17C15F62,3.0,4.5,0.05,0.03,0.0,4,3.0,4.5,0.1,0
BE6E41B6-36C8-46B6-BE62-D567DDD804C4,3.0,4.5,0.1,0.03,0.0,4,3.0,4.5,0.05,0
B0121F70-E67D-4601-9A8C-D5B0E8E6857F,3.0,4.5,0.1,0.03,0.0,4,2.0,4.5,0.1,0
8078B1B1-63CD-4D1D-87EB-D6AC66F5382B,3.0,4.5,0.05,0.02,0.0,4,2.0,4.5,0.05,0
07768A8A-90EF-4514-ABA1-D6B61F748776,3.0,4.5,0.1,0.03,0.0,4,1.0,4.5,0.1,0
400A9654-8F98-4249-AA7E-D6DFE01C2517,3.0,4.5,0.1,0.03,0.0,4,1.0,4.5,0.1,0
73537780-2B00-40C7-AB73-D6F8CF52AEB4,3.0,4.5,0.1,0.02,0.0,4,2.0,4.5,0.1,0
AF0C0D44-3673-4D7D-831A-D6FF18A68A33,3.0,4.5,0.1,0.03,0.0,4,1.0,4.5,0.05,0
CB28663F-34E8-4B82-9843-D70EDDA73A79,3.0,4.5,0.1,0.02,0.0,4,2.0,4.5,0.1,0
DB565E7B-512D-41D0-8E55-D7D1419A9A3C,3.0,4.5,0.1,0.02,0.0,4,2.0,4.5,0.1,0
CA6F1714-53ED-46B0-BC8A-D8395F6EACC4,3.0,4.5,0.1,0.02,0.0,4,2.0,4.5,0.1,0
8EE19233-6B18-4C23-A4A9-D8530A7A508C,3.0,4.5,0.1,0.02,0.0,4,2.0,4.5,0.1,0
972AD60A-B206-4479-AA7A-D8BAF80C443F,3.0,4.5,0.05,0.03,0.0,4,1.0,4.5,0.05,0
B23E7B5C-46AB-4A9A-BDA9-D94478A009AF,3.0,4.5,0.05,0.02,0.0,4,2.0,4.5,0.05,0
0084B343-2D15-4DE3-B2AC-DB610EABC9AF,3.0,4.5,0.1,0.03,0.0,4,3.0,4.5,0.1,0
B4371032-21D7-4EC1-81C8-DCF652822670,3.0,4.5,0.05,0.05,0.0,4,1.0,4.5,0.1,0
CD53A6D8-D8AF-4193-80FF-DD6C3175A4EF,3.0,4.5,0.1,0.03,0.0,4,2.0,4.5,0.1,0
91FE70DC-DB54-40DC-881A-DE08206F50E3,3.0,4.5,0.1,0.03,0.0,4,2.0,4.5,0.1,0
8D0663F4-40B8-4CD3-869C-DE95E6A03F31,3.0,4.5,0.1,0.03,0.0,4,1.0,4.5,0.1,0
485539E6-2067-4AA5-881B-DED53F871D76,3.0,4.5,0.05,0.02,0.0,4,2.0,4.5,0.05,0
73B4D8E2-0E32-4A5C-BB44-DF870FE1F79E,3.0,4.5,0.1,0.03,0.0,4,3.0,4.5,0.1,0
ED303764-B566-4A93-9B63-DFF5ACB8398F,3.0,4.5,0.05,0.02,0.0,4,2.0,4.5,0.1,0
C09704C9-E11C-42A1-A9B6-DFF7EE3134D4,3.0,4.5,0.1,0.03,0.0,4,1.0,4.5,0.1,0
4606B494-C00E-41D5-BFF0-E06221FBFDA9,3.0,4.5,0.05,0.03,0.0,4,3.0,4.5,0.05,0
2C84A173-EBA1-45C8-895F-E16322020D00,3.0,4.5,0.1,0.03,0.0,4,1.0,4.5,0.1,0
ED1B9278-9209-41E1-8F58-E17EBB6A97FA,3.0,4.5,0.1,0.03,0.0,4,2.0,4.5,0.1,0
CF61D0DA-FC99-4234-A597-E1B0DE7F9B5F,3.0,4.5,0.1,0.03,0.0,4,1.0,4.5,0.1,0
7038C29B-253A-4E2F-8B4F-E1B57BFEDAD3,3.0,4.5,0.1,0.03,0.0,4,1.0,4.5,0.1,0
8308B36A-5285-4C50-A97B-E1DFDED51A76,3.0,4.5,0.05,0.02,0.0,4,2.0,4.5,0.05,0
19F76961-0B4A-49B4-AFF9-E3A623BDB4C4,3.0,4.5,0.05,0.03,0.0,4,3.0,4.5,0.1,0
FE9047C6-C4F2-47E1-9EA4-E40198C48BBD,3.0,4.5,0.1,0.03,0.0,4,2.0,4.5,0.1,0
53447A37-FC3C-4E4B-B1E3-E401FDFA1FC2,3.0,4.5,0.1,0.03,0.0,4,2.0,4.5,0.1,0
7D29B0D3-EA75-4565-A997-E44B2AD1304A,3.0,4.5,0.05,0.02,0.0,4,2.0,4.5,0.05,0
3C01796C-0AA0-47AD-AA84-E4825974DD88,3.0,4.5,0.05,0.02,0.0,4,2.0,4.5,0.05,0
42DC4CCC-033F-4D40-B341-E4F4F2C4AD1E,3.0,4.5,0.1,0.05,0.0,4,1.0,4.5,0.1,0
102EF8FE-4A55-4247-B596-E5C57DF539CC,3.0,4.5,0.1,0.02,0.0,4,2.0,4.5,0.1,0
7FD4B7EC-652A-45A5-A92B-E681354C6F8A,3.0,4.5,0.1,0.03,0.0,4,2.0,4.5,0.1,0
20B4F6F8-0410-492E-956D-E68CB785BF4E,3.0,4.5,0.05,0.03,0.0,4,3.0,4.5,0.05,0
682435A1-BD1F-4818-9714-E6B3AE81734D,3.0,4.5,0.1,0.03,0.0,4,2.0,4.5,0.1,0
B76616F0-7056-4C43-A1E6-E6DE54BF7766,3.0,4.5,0.05,0.03,0.0,4,3.0,4.5,0.1,0
79CEF723-9102-4FD0-9B3E-E73ECA31334E,3.0,4.5,0.1,0.03,0.0,4,3.0,4.5,0.1,0
97F3FD1B-0165-4EF2-93D3-E7903BED80C0,3.0,4.5,0.1,0.03,0.0,4,2.0,4.5,0.1,0
BD670039-3650-4805-A401-E7935D495034,3.0,4.5,0.1,0.03,0.0,4,2.0,4.5,0.1,0
41196BBE-2AA0-4E81-B162-E823179DDBF9,3.0,4.5,0.05,0.03,0.0,4,3.0,4.5,0.05,0
7B619976-E207-40F6-B8D3-E87F0169ED6A,3.0,4.5,0.1,0.02,0.0,4,2.0,4.5,0.05,0
138DB410-AE1D-4D82-B672-E89C0424F633,3.0,4.5,0.05,0.02,0.0,4,2.0,4.5,0.1,0
0FB0E9EE-9EB2-45AD-AD8D-E926808B8A08,3.0,4.5,0.1,0.03,0.0,4,2.0,4.5,0.1,0
2B5541B0-D695-434D-8A78-E9572321C309,3.0,4.5,0.1,0.02,0.0,4,2.0,4.5,0.1,0
A9C16348-D2C0-495E-8162-EA9D62D2543B,3.0,4.5,0.05,0.02,0.0,4,2.0,4.5,0.1,0
D36BE13D-0A3A-41FD-9485-EB07673E7B8B,3.0,4.5,0.1,0.03,0.0,4,2.0,4.5,0.1,0
2E9B220D-60F5-4C61-9D43-EB671F551D16,3.0,4.5,0.05,0.03,0.0,4,1.0,4.5,0.1,0
462A2195-2EAB-4A03-A006-EBC0CF70A261,3.0,4.5,0.1,0.03,0.0,4,3.0,4.5,0.1,0
5E9F394B-D4A9-44DF-A367-EC618E0138DC,3.0,4.5,0.1,0.03,0.0,4,2.0,4.5,0.1,0
1C2E81E4-6595-40BB-AA96-ECB0597CD1D9,3.0,4.5,0.1,0.03,0.0,4,1.0,4.5,0.1,0
C013AEDF-B7DD-4008-8280-EE2212B536BF,3.0,4.5,0.1,0.03,0.0,4,1.0,4.5,0.1,0
24D64D98-F8D2-462F-96B1-EE29D1C93608,3.0,4.5,0.1,0.03,0.0,4,2.0,4.5,0.1,0
785B04D8-3E49-420E-A766-EED107AD4E81,3.0,4.5,0.1,0.03,0.0,4,2.0,4.5,0.1,0
34EFC750-FC69-45EA-85B6-EF18976783B8,3.0,4.5,0.1,0.02,0.0,4,2.0,4.5,0.1,0
321044CD-D8AC-4F69-BEF4-EF76ECAB9CBF,3.0,4.5,0.1,0.02,0.0,4,2.0,4.5,0.1,0
03D6FE59-F015-469E-ABC6-EF7F8235EC7D,3.0,4.5,0.1,0.03,0.0,4,2.0,4.5,0.1,0
F035B03D-BD8A-47A7-8DAD-F040E36F3D8B,3.0,4.5,0.1,0.03,0.0,4,1.0,4.5,0.1,0
BA17BF3A-F8AE-4166-9B8F-F15379BE993A,3.0,4.5,0.1,0.02,0.0,4,2.0,4.5,0.1,0
24097AD7-9CCC-4ED9-8F45-F1BD5E066AEF,3.0,4.5,0.1,0.02,0.0,4,2.0,4.5,0.1,0
74F4D911-259A-447C-B250-F1DACE5FF3EB,3.0,4.5,0.1,0.03,0.0,4,1.0,4.5,0.1,0
5FA4A788-977C-4D39-B80C-F1F35C464149,3.0,4.5,0.1,0.03,0.0,4,2.0,4.5,0.1,0
C1881751-294E-41C0-BA86-F233EF3C0C0E,3.0,4.5,0.1,0.03,0.0,4,2.0,4.5,0.1,0
0BF84E58-2B04-49C0-977F-F2D128295087,3.0,4.5,0.05,0.03,0.0,4,3.0,4.5,0.1,0
B9077CA2-D0EE-468F-B253-F2EA3C1442D5,3.0,4.5,0.1,0.03,0.0,4,2.0,4.5,0.1,0
EDB8E915-324D-439D-BF21-F340EE7B5012,3.0,4.5,0.1,0.03,0.0,4,2.0,4.5,0.1,0
2F8A4DEE-95CF-477D-AA2C-F3E6CB719CAA,3.0,4.5,0.1,0.03,0.0,4,2.0,4.5,0.1,0
C18F6B0F-88DA-48F4-ACF2-F46066FD1617,3.0,4.5,0.1,0.02,0.0,4,2.0,4.5,0.1,0
65BD8E20-A8E2-4A5A-9CEB-F5E0A349DA50,3.0,4.5,0.1,0.03,0.0,4,3.0,4.5,0.1,0
679F5132-2569-435E-B312-F6028DDF3E24,3.0,4.5,0.1,0.03,0.0,4,2.0,4.5,0.1,0
7465C492-78A3-487F-9DEA-F63A1D3EE744,3.0,4.5,0.1,0.03,0.0,4,2.0,4.5,0.1,0
5088ECE8-CA28-4057-82E3-F7717F99ACDC,3.0,4.5,0.1,0.03,0.0,4,1.0,4.5,0.1,0
A0E5C04F-94E5-4A60-B79B-F830D2A7648C,3.0,4.5,0.05,0.02,0.0,4,2.0,4.5,0.1,0
4607E1CF-ADA1-4F14-8CD1-F86AD696424C,3.0,4.5,0.1,0.03,0.0,4,3.0,4.5,0.1,0
E1C94E6F-747D-45BD-B3DF-F8C018D2251A,3.0,4.5,0.1,0.03,0.0,4,2.0,4.5,0.1,0
DEE6238D-3737-4F6E-AB31-FA27E415BA79,3.0,4.5,0.1,0.02,0.0,4,2.0,4.5,0.1,0
A3594738-211F-4400-8182-FAA283F61932,3.0,4.5,0.1,0.02,0.0,4,2.0,4.5,0.1,0
1AA7BDB9-5852-45CA-99F1-FAA795A11C55,3.0,4.5,0.1,0.03,0.0,4,3.0,4.5,0.1,0
E774D80B-BA39-46B8-A162-FB28B660F375,3.0,4.5,0.05,0.03,0.0,4,3.0,4.5,0.1,0
3AE5014D-110C-4767-B2B1-FB35EA745ACF,3.0,4.5,0.1,0.03,0.0,4,3.0,4.5,0.1,0
1F139478-A15C-4DD3-B345-FB43FEFECFB2,3.0,4.5,0.1,0.03,0.0,4,2.0,4.5,0.1,0
FB04E361-1BA0-42B6-9D80-FBB12F808367,3.0,4.5,0.1,0.03,0.0,4,3.0,4.5,0.1,0
8BD6DA19-FADD-4F4D-A7F2-FC3C353682E9,3.0,4.5,0.1,0.02,0.0,4,1.0,4.5,0.1,0
FFB4461F-37BB-4D5D-9E10-FC52AB059862,3.0,4.5,0.1,0.03,0.0,4,1.0,4.5,0.1,0
E305FADE-B49B-465D-B6E7-FE425E2E6362,3.0,4.5,0.1,0.02,0.0,4,2.0,4.5,0.1,0
ACABAD19-AA8C-4071-B03F-FE45AC665FBF,3.0,4.5,0.1,0.03,0.0,4,2.0,4.5,0.1,0
C6049202-81FC-4B7C-A491-FF4B063D8683,3.0,4.5,0.05,0.03,0.0,4,3.0,4.5,0.1,0
E848141E-1EC5-4E04-9A9C-FFD2B189BDE3,3.0,4.5,0.1,0.02,0.0,4,2.0,4.5,0.1,0
D18E202A-A121-4636-B615-FFED2318579C,3.0,4.5,0.1,0.02,0.0,4,2.0,4.5,0.1,0
